68-1;00:00:56;8.90;100.00;7.84;9.20;596;10.63;15.88;313.75;7.13;0
68-1;00:01:56;8.90;100.00;7.84;9.22;596;10.63;16.61;313.75;7.13;0
68-1;00:02:56;8.89;100.00;7.83;9.26;595;11.78;15.42;313.75;7.13;0
68-1;00:03:56;8.90;100.00;7.84;9.21;596;10.63;16.55;313.75;7.13;0
68-1;00:04:56;8.89;100.00;7.84;9.22;596;10.63;17.31;313.75;7.13;0
68-1;00:05:56;8.90;100.00;7.84;9.22;595;11.78;16.43;313.75;7.13;0
68-1;00:06:56;8.90;100.00;7.84;9.22;595;11.78;15.83;313.75;7.13;0
68-1;00:07:56;8.89;100.00;7.84;9.20;596;10.63;15.79;313.75;7.13;0
68-1;00:08:56;8.89;100.00;7.84;9.18;596;10.63;16.78;313.75;7.13;0
68-1;00:09:56;8.91;100.00;7.83;9.20;595;11.78;15.78;313.75;7.13;0
68-1;00:10:56;8.90;100.00;7.84;9.22;596;10.63;16.45;313.75;7.13;0
68-1;00:11:56;8.89;100.00;7.84;9.18;596;10.63;15.48;313.75;7.13;0
68-1;00:12:56;8.91;100.00;7.84;9.19;596;10.63;15.27;313.75;7.13;0
68-1;00:13:56;8.90;100.00;7.84;9.18;595;11.78;16.32;313.75;7.13;0
68-1;00:14:56;8.90;100.00;7.84;9.21;596;10.63;15.69;313.75;7.13;0
68-1;00:15:56;8.90;100.00;7.84;9.21;596;10.63;16.18;313.75;7.13;0
68-1;00:16:56;8.91;100.00;7.84;9.17;596;10.63;15.68;313.75;7.13;0
68-1;00:17:56;8.90;100.00;7.85;9.17;596;10.63;16.61;313.75;7.13;0
68-1;00:18:56;8.90;100.00;7.84;9.23;597;9.56;16.21;313.75;7.13;0
68-1;00:19:56;8.90;100.00;7.84;9.22;596;10.63;15.28;313.75;7.13;0
68-1;00:20:56;8.89;100.00;7.85;9.21;596;10.63;14.95;313.75;7.13;0
68-1;00:21:56;8.90;100.00;7.84;9.22;596;10.63;15.65;313.75;7.13;0
68-1;00:22:56;8.90;100.00;7.84;9.20;596;10.63;15.64;313.75;7.13;0
68-1;00:23:56;8.90;100.00;7.84;9.24;596;10.63;15.97;313.75;7.13;0
68-1;00:24:56;8.90;100.00;7.84;9.22;596;10.63;15.90;313.75;7.13;0
68-1;00:25:56;8.90;100.00;7.84;9.21;596;10.63;16.01;313.75;7.13;0
68-1;00:26:56;8.91;100.00;7.84;9.21;596;10.63;15.44;313.75;7.13;0
68-1;00:27:56;8.89;100.00;7.84;9.20;596;10.63;16.05;313.75;7.13;0
68-1;00:28:56;8.89;100.00;7.84;9.22;596;10.63;15.47;313.87;7.12;0
68-1;00:29:56;8.90;100.00;7.84;9.19;595;11.78;16.42;313.75;7.13;0
68-1;00:30:56;8.89;100.00;7.84;9.24;596;10.63;16.11;313.87;7.12;0
68-1;00:31:56;8.90;100.00;7.84;9.21;596;10.63;16.47;314.00;7.11;0
68-1;00:32:56;8.90;100.00;7.84;9.22;596;10.63;15.61;313.87;7.13;0
68-1;00:33:56;8.89;100.00;7.84;9.20;596;10.63;15.22;313.75;7.13;0
68-1;00:34:56;8.89;100.00;7.84;9.23;596;10.63;16.57;314.00;7.11;0
68-1;00:35:56;8.91;100.00;7.84;9.22;596;10.63;15.26;313.87;7.12;0
68-1;00:36:56;8.89;100.00;7.84;9.21;596;10.63;16.44;313.87;7.12;0
68-1;00:37:56;8.89;100.00;7.84;9.22;596;10.63;16.39;314.00;7.09;0
68-1;00:38:56;8.89;100.00;7.84;9.22;596;10.63;15.64;314.12;7.09;0
68-1;00:39:56;8.90;100.00;7.84;9.23;596;10.63;16.10;314.00;7.11;0
68-1;00:40:56;8.90;100.00;7.84;9.19;596;10.63;15.46;313.87;7.12;0
68-1;00:41:56;8.89;100.00;7.84;9.23;597;9.56;16.10;314.00;7.11;0
68-1;00:42:56;8.90;100.00;7.84;9.25;596;10.63;14.92;313.87;7.11;0
68-1;00:43:56;8.88;100.00;7.84;9.20;596;10.63;15.34;314.00;7.12;0
68-1;00:44:56;8.90;100.00;7.84;9.19;596;10.63;15.71;314.00;7.11;0
68-1;00:45:56;8.90;100.00;7.84;9.21;596;10.63;15.50;314.00;7.11;0
68-1;00:46:56;8.90;100.00;7.84;9.22;597;9.56;16.58;314.00;7.11;0
68-1;00:47:56;8.89;100.00;7.84;9.19;596;10.63;16.20;313.75;7.13;0
68-1;00:48:56;8.89;100.00;7.83;9.19;597;9.56;15.18;314.00;7.09;0
68-1;00:49:56;8.89;100.00;7.84;9.18;597;9.56;16.72;314.00;7.11;0
68-1;00:50:56;8.89;100.00;7.84;9.19;596;10.63;15.57;314.12;7.09;0
68-1;00:51:56;8.90;100.00;7.84;9.20;596;10.63;17.23;314.24;7.08;0
68-1;00:52:56;8.89;100.00;7.84;9.18;596;10.63;14.93;314.36;7.07;0
68-1;00:53:56;8.89;100.00;7.84;9.15;596;10.63;15.94;314.12;7.09;0
68-1;00:54:56;8.90;100.00;7.84;9.20;597;9.56;14.41;314.12;7.09;0
68-1;00:55:56;8.90;100.00;7.84;9.18;597;9.56;15.94;314.24;7.08;0
68-1;00:56:56;8.89;100.00;7.84;9.19;596;10.63;16.40;314.00;7.11;0
68-1;00:57:56;8.89;100.00;7.84;9.21;595;11.78;16.27;314.12;7.09;0
68-1;00:58:56;8.90;100.00;7.83;9.18;596;10.63;15.47;313.87;7.11;0
68-1;00:59:56;8.88;100.00;7.84;9.20;597;9.56;16.09;314.36;7.07;0
68-1;01:00:56;8.90;100.00;7.84;9.19;596;10.63;16.72;316.95;7.08;0
68-1;01:01:56;8.90;100.00;7.84;9.20;596;10.63;15.54;313.87;7.12;0
68-1;01:02:56;8.89;100.00;7.83;9.19;596;10.63;15.69;314.24;7.09;0
68-1;01:03:56;8.90;100.00;7.83;9.20;596;10.63;15.39;314.24;7.08;0
68-1;01:04:56;8.89;100.00;7.84;9.20;596;10.63;14.79;316.83;7.09;0
68-1;01:05:56;8.90;100.00;7.83;9.23;595;11.78;14.72;316.95;7.08;0
68-1;01:06:56;8.90;100.00;7.83;9.19;596;10.63;15.41;314.36;7.07;0
68-1;01:07:56;8.90;100.00;7.83;9.19;596;10.63;14.89;316.83;7.09;0
68-1;01:08:56;8.89;100.00;7.83;9.19;596;10.63;16.20;316.95;7.09;0
68-1;01:09:56;8.90;100.00;7.83;9.15;596;10.63;15.93;316.70;7.11;0
68-1;01:10:56;8.90;100.00;7.82;9.15;596;10.63;15.52;314.24;7.08;0
68-1;01:11:56;8.90;100.00;7.83;9.19;596;10.63;15.70;316.83;7.08;0
68-1;01:12:56;8.90;100.00;7.83;9.21;596;10.63;16.02;317.07;7.07;0
68-1;01:13:56;8.90;100.00;7.83;9.19;596;10.63;15.01;316.95;7.08;0
68-1;01:14:56;8.91;100.00;7.83;9.21;596;10.63;16.13;317.07;7.07;0
68-1;01:15:56;8.91;100.00;7.83;9.18;596;10.63;15.72;316.95;7.08;0
68-1;01:16:56;8.91;100.00;7.83;9.20;596;10.63;15.45;316.95;7.08;0
68-1;01:17:56;8.91;100.00;7.83;9.19;596;10.63;15.40;317.07;7.07;0
68-1;01:18:56;8.90;100.00;7.83;9.19;596;10.63;15.10;316.95;7.08;0
68-1;01:19:56;8.90;100.00;7.83;9.19;596;10.63;15.24;317.07;7.07;0
68-1;01:20:56;8.90;100.00;7.83;9.23;596;10.63;15.16;317.07;7.07;0
68-1;01:21:56;8.90;100.00;7.83;9.21;596;10.63;15.53;317.07;7.07;0
68-1;01:22:56;8.90;100.00;7.83;9.20;596;10.63;14.59;317.07;7.07;0
68-1;01:23:56;8.90;100.00;7.83;9.20;596;10.63;15.09;314.36;7.07;0
68-1;01:24:56;8.91;100.00;7.83;9.21;597;9.56;13.84;317.07;7.07;0
68-1;01:25:56;8.91;100.00;7.83;9.24;596;10.63;15.19;317.07;7.07;0
68-1;01:26:56;8.91;100.00;7.83;9.20;596;10.63;15.30;316.95;7.08;0
68-1;01:27:56;8.90;100.00;7.82;9.20;596;10.63;14.88;317.07;7.07;0
68-1;01:28:56;8.91;100.00;7.82;9.19;596;10.63;14.21;317.07;7.07;0
68-1;01:29:56;8.91;100.00;7.83;9.18;596;10.63;14.12;317.07;7.07;0
68-1;01:30:56;8.91;100.00;7.82;9.18;596;10.63;14.64;317.07;7.07;0
68-1;01:31:56;8.93;100.00;7.82;9.20;596;10.63;14.46;317.07;7.07;0
68-1;01:32:56;8.93;100.00;7.82;9.24;596;10.63;15.00;317.07;7.07;0
68-1;01:33:56;8.91;100.00;7.83;9.22;596;10.63;15.01;317.07;7.07;0
68-1;01:34:56;8.92;100.00;7.82;9.20;596;10.63;14.07;317.07;7.07;0
68-1;01:35:56;8.92;100.00;7.82;9.20;596;10.63;14.64;317.07;7.07;0
68-1;01:36:56;8.93;100.00;7.82;9.23;596;10.63;14.97;317.07;7.07;0
68-1;01:37:56;8.93;100.00;7.82;9.19;597;9.56;14.96;317.07;7.07;0
68-1;01:38:56;8.93;100.00;7.82;9.18;597;9.56;14.52;317.07;7.07;0
68-1;01:39:56;8.93;100.00;7.82;9.20;596;10.63;15.12;317.07;7.07;0
68-1;01:40:56;8.95;100.00;7.82;9.22;597;9.56;15.37;317.07;7.07;0
68-1;01:41:56;8.93;100.00;7.82;9.19;596;10.63;14.91;317.07;7.08;0
68-1;01:42:56;8.93;100.00;7.82;9.21;597;9.56;15.96;317.07;7.07;0
68-1;01:43:56;8.94;100.00;7.83;9.20;597;9.56;14.87;317.07;7.07;0
68-1;01:44:56;8.93;100.00;7.83;9.21;596;10.63;14.89;317.07;7.07;0
68-1;01:45:56;8.93;100.00;7.83;9.20;596;10.63;14.99;317.07;7.07;0
68-1;01:46:56;8.93;100.00;7.83;9.19;597;9.56;14.81;317.07;7.07;0
68-1;01:47:56;8.93;100.00;7.83;9.21;596;10.63;15.68;317.07;7.07;0
68-1;01:48:56;8.95;100.00;7.83;9.21;597;9.56;14.75;317.07;7.07;0
68-1;01:49:56;8.93;100.00;7.83;9.18;596;10.63;14.48;317.07;7.07;0
68-1;01:50:56;8.93;100.00;7.83;9.20;597;9.56;14.52;317.07;7.07;0
68-1;01:51:56;8.94;100.00;7.84;9.17;597;9.56;14.59;317.07;7.07;0
68-1;01:52:56;8.93;100.00;7.83;9.19;597;9.56;14.88;317.07;7.07;0
68-1;01:53:56;8.93;100.00;7.83;9.19;596;10.63;16.40;317.07;7.07;0
68-1;01:54:56;8.93;100.00;7.83;9.16;597;9.56;15.01;317.07;7.07;0
68-1;01:55:56;8.95;100.00;7.83;9.19;597;9.56;14.80;317.07;7.07;0
68-1;01:56:56;8.93;100.00;7.82;9.18;597;9.56;15.24;317.07;7.07;0
68-1;01:57:56;8.93;100.00;7.82;9.19;596;10.63;15.22;317.07;7.07;0
68-1;01:58:56;8.93;100.00;7.83;9.22;597;9.56;15.42;317.07;7.07;0
68-1;01:59:56;8.93;100.00;7.82;9.17;597;9.56;14.62;317.07;7.07;0
68-1;02:00:56;8.93;100.00;7.82;9.18;596;10.63;14.89;317.07;7.07;0
68-1;02:01:56;8.94;100.00;7.82;9.20;597;9.56;14.54;317.07;7.07;0
68-1;02:02:56;8.93;100.00;7.82;9.19;597;9.56;15.57;317.07;7.07;0
68-1;02:03:56;8.93;100.00;7.82;9.19;596;10.63;13.16;317.07;7.07;0
68-1;02:04:56;8.93;100.00;7.82;9.17;597;9.56;14.03;317.07;7.07;0
68-1;02:05:56;8.93;100.00;7.82;9.19;596;10.63;14.49;317.07;7.07;0
68-1;02:06:56;8.93;100.00;7.82;9.24;597;9.56;15.00;317.07;7.07;0
68-1;02:07:56;8.93;100.00;7.82;9.21;597;9.56;14.27;317.07;7.07;0
68-1;02:08:56;8.93;100.00;7.82;9.20;597;9.56;14.20;317.07;7.07;0
68-1;02:09:56;8.93;100.00;7.82;9.17;596;10.63;14.49;317.07;7.07;0
68-1;02:10:56;8.93;100.00;7.82;9.20;596;10.63;14.42;317.07;7.07;0
68-1;02:11:56;8.93;100.00;7.82;9.19;597;9.56;13.64;317.07;7.07;0
68-1;02:12:56;8.93;100.00;7.82;9.20;597;9.56;15.01;317.07;7.07;0
68-1;02:13:56;8.93;100.00;7.82;9.22;596;10.63;14.15;317.07;7.07;0
68-1;02:14:56;8.95;100.00;7.82;9.21;597;9.56;13.34;317.07;7.07;0
68-1;02:15:56;8.93;100.00;7.82;9.21;596;10.63;16.46;317.07;7.07;0
68-1;02:16:56;8.93;100.00;7.82;9.21;596;10.63;16.18;317.07;7.07;0
68-1;02:17:56;8.93;100.00;7.82;9.22;597;9.56;17.61;317.07;7.07;0
68-1;02:18:56;8.93;100.00;7.82;9.26;596;10.63;17.63;317.07;7.07;0
68-1;02:19:56;8.93;100.00;7.82;9.21;597;9.56;17.87;317.07;7.07;0
68-1;02:20:56;8.93;100.00;7.82;9.18;596;10.63;18.02;317.07;7.07;0
68-1;02:21:56;8.93;100.00;7.82;9.18;597;9.56;18.17;317.07;7.07;0
68-1;02:22:56;8.95;100.00;7.82;9.21;597;9.56;17.02;317.07;7.07;0
68-1;02:23:56;8.94;100.00;7.82;9.24;597;9.56;17.42;317.07;7.07;0
68-1;02:24:56;8.93;100.00;7.82;9.24;596;10.63;15.58;317.07;7.07;0
68-1;02:25:56;8.94;100.00;7.82;9.19;597;9.56;16.26;317.07;7.07;0
68-1;02:26:56;8.93;100.00;7.82;9.18;597;9.56;16.64;317.07;7.07;0
68-1;02:27:56;8.95;100.00;7.83;9.17;596;10.63;16.93;317.07;7.07;0
68-1;02:28:56;8.94;100.00;7.83;9.23;596;10.63;15.86;317.07;7.07;0
68-1;02:29:56;8.94;100.00;7.83;9.20;597;9.56;15.86;317.07;7.07;0
68-1;02:30:56;8.94;100.00;7.83;9.16;597;9.56;14.97;317.07;7.07;0
68-1;02:31:56;8.95;100.00;7.83;9.21;596;10.63;15.94;317.07;7.07;0
68-1;02:32:56;8.95;100.00;7.83;9.20;597;9.56;16.34;317.07;7.07;0
68-1;02:33:56;8.93;100.00;7.83;9.16;596;10.63;14.09;317.07;7.07;0
68-1;02:34:56;8.95;100.00;7.83;9.19;596;10.63;15.04;317.07;7.07;0
68-1;02:35:56;8.95;100.00;7.83;9.18;595;11.78;15.88;317.07;7.07;0
68-1;02:36:56;8.96;100.00;7.83;9.20;596;10.63;17.41;317.07;7.07;0
68-1;02:37:56;8.94;100.00;7.83;9.26;596;10.63;16.56;317.07;7.07;0
68-1;02:38:56;8.95;100.00;7.83;9.20;596;10.63;16.93;317.07;7.07;0
68-1;02:39:56;8.95;100.00;7.82;9.19;597;9.56;17.68;317.07;7.07;0
68-1;02:40:56;8.96;100.00;7.82;9.24;596;10.63;17.11;317.07;7.07;0
68-1;02:41:56;8.94;100.00;7.82;9.25;597;9.56;17.69;317.07;7.07;0
68-1;02:42:56;8.95;100.00;7.82;9.25;597;9.56;16.11;317.07;7.07;0
68-1;02:43:56;8.95;100.00;7.82;9.19;596;10.63;15.83;317.07;7.07;0
68-1;02:44:56;8.95;100.00;7.83;9.20;597;9.56;15.88;317.07;7.07;0
68-1;02:45:56;8.96;100.00;7.83;9.28;597;9.56;16.93;317.07;7.07;0
68-1;02:46:56;8.95;100.00;7.83;9.19;596;10.63;15.92;317.07;7.07;0
68-1;02:47:56;8.95;100.00;7.83;9.22;596;10.63;16.26;317.07;7.07;0
68-1;02:48:56;8.95;100.00;7.83;9.21;597;9.56;15.09;317.07;7.07;0
68-1;02:49:56;8.96;100.00;7.82;9.21;596;10.63;16.10;317.07;7.07;0
68-1;02:50:56;8.96;100.00;7.82;9.23;597;9.56;15.92;317.07;7.07;0
68-1;02:51:56;8.95;100.00;7.82;9.22;597;9.56;14.57;317.07;7.07;0
68-1;02:52:56;8.95;100.00;7.82;9.20;596;10.63;15.37;317.07;7.07;0
68-1;02:53:56;8.95;100.00;7.82;9.21;596;10.63;15.73;317.07;7.07;0
68-1;02:54:56;8.95;100.00;7.82;9.25;596;10.63;14.98;317.07;7.07;0
68-1;02:55:56;8.95;100.00;7.82;9.21;597;9.56;15.38;317.07;7.07;0
68-1;02:56:56;8.95;100.00;7.83;9.20;596;10.63;15.79;317.07;7.07;0
68-1;02:57:56;8.95;100.00;7.83;9.23;597;9.56;15.27;317.07;7.07;0
68-1;02:58:56;8.94;100.00;7.83;9.20;596;10.63;15.43;317.07;7.07;0
68-1;02:59:56;8.96;100.00;7.83;9.25;596;10.63;14.07;317.07;7.07;0
68-1;03:00:56;8.96;100.00;7.83;9.26;596;10.63;14.08;317.07;7.07;0
68-1;03:01:56;8.96;100.00;7.83;9.23;597;9.56;15.07;317.07;7.07;0
68-1;03:02:56;8.95;100.00;7.83;9.19;597;9.56;14.51;317.07;7.07;0
68-1;03:03:56;8.94;100.00;7.83;9.23;597;9.56;14.23;317.07;7.07;0
68-1;03:04:56;8.96;100.00;7.83;9.25;597;9.56;13.68;317.07;7.07;0
68-1;03:05:56;8.95;100.00;7.82;9.23;596;10.63;13.68;317.07;7.07;0
68-1;03:06:56;8.95;100.00;7.82;9.23;597;9.56;14.09;317.07;7.07;0
68-1;03:07:56;8.96;100.00;7.82;9.23;597;9.56;14.80;317.07;7.07;0
68-1;03:08:56;8.95;100.00;7.82;9.22;596;10.63;14.00;317.07;7.07;0
68-1;03:09:56;8.96;100.00;7.82;9.22;597;9.56;14.25;317.07;7.07;0
68-1;03:10:56;8.95;100.00;7.82;9.20;597;9.56;14.51;317.07;7.07;0
68-1;03:11:56;8.94;100.00;7.82;9.16;596;10.63;15.28;317.07;7.07;0
68-1;03:12:56;8.95;100.00;7.82;9.17;597;9.56;13.67;317.07;7.07;0
68-1;03:13:56;8.94;100.00;7.82;9.17;597;9.56;14.02;317.07;7.07;0
68-1;03:14:56;8.95;100.00;7.82;9.23;597;9.56;15.28;317.07;7.07;0
68-1;03:15:56;8.95;100.00;7.82;9.24;597;9.56;14.05;317.07;7.07;0
68-1;03:16:56;8.95;100.00;7.82;9.21;597;9.56;13.51;317.07;7.07;0
68-1;03:17:56;8.95;100.00;7.82;9.22;597;9.56;15.38;317.07;7.07;0
68-1;03:18:56;8.94;100.00;7.82;9.27;597;9.56;14.94;317.07;7.07;0
68-1;03:19:56;8.96;100.00;7.82;9.22;597;9.56;15.29;317.07;7.07;0
68-1;03:20:56;8.94;100.00;7.82;9.23;597;9.56;15.64;317.07;7.07;0
68-1;03:21:56;8.94;100.00;7.82;9.23;597;9.56;14.65;317.07;7.07;0
68-1;03:22:56;8.94;100.00;7.82;9.25;596;10.63;14.07;317.07;7.07;0
68-1;03:23:56;8.95;100.00;7.82;9.23;597;9.56;15.56;317.07;7.07;0
68-1;03:24:56;8.95;100.00;7.82;9.23;596;10.63;14.59;317.07;7.07;0
68-1;03:25:56;8.95;100.00;7.81;9.23;597;9.56;14.75;317.07;7.07;0
68-1;03:26:56;8.95;100.00;7.81;9.26;596;10.63;15.19;317.07;7.07;0
68-1;03:27:56;8.95;100.00;7.80;9.21;597;9.56;14.44;317.07;7.07;0
68-1;03:28:56;8.95;100.00;7.82;9.22;596;10.63;14.32;317.07;7.07;0
68-1;03:29:56;8.94;100.00;7.81;9.23;597;9.56;14.11;317.07;7.07;0
68-1;03:30:56;8.95;100.00;7.81;9.24;597;9.56;14.63;317.07;7.07;0
68-1;03:31:56;8.94;100.00;7.82;9.26;597;9.56;14.64;317.07;7.07;0
68-1;03:32:56;8.93;100.00;7.81;9.28;597;9.56;14.21;317.07;7.07;0
68-1;03:33:56;8.94;100.00;7.80;9.25;597;9.56;13.48;317.07;7.07;0
68-1;03:34:56;8.93;100.00;7.81;9.26;597;9.56;13.92;317.07;7.07;0
68-1;03:35:56;8.93;100.00;7.80;9.23;597;9.56;14.18;317.07;7.07;0
68-1;03:36:56;8.93;100.00;7.80;9.28;597;9.56;14.16;317.07;7.07;0
68-1;03:37:56;8.93;100.00;7.81;9.20;596;10.63;14.53;317.07;7.07;0
68-1;03:38:56;8.93;100.00;7.81;9.21;597;9.56;14.70;317.07;7.07;0
68-1;03:39:56;8.93;100.00;7.81;9.22;596;10.63;14.92;317.07;7.07;0
68-1;03:40:56;8.93;100.00;7.81;9.23;597;9.56;15.10;317.07;7.07;0
68-1;03:41:56;8.93;100.00;7.81;9.21;597;9.56;14.17;317.07;7.07;0
68-1;03:42:56;8.93;100.00;7.81;9.22;597;9.56;13.35;317.07;7.07;0
68-1;03:43:56;8.93;100.00;7.82;9.24;596;10.63;14.43;317.07;7.07;0
68-1;03:44:56;8.95;100.00;7.82;9.25;596;10.63;13.24;317.07;7.07;0
68-1;03:45:56;8.93;100.00;7.82;9.25;597;9.56;13.04;317.07;7.07;0
68-1;03:46:56;8.93;100.00;7.82;9.23;597;9.56;14.47;317.07;7.07;0
68-1;03:47:56;8.95;100.00;7.82;9.23;597;9.56;14.10;317.07;7.07;0
68-1;03:48:56;8.93;100.00;7.82;9.22;596;10.63;13.42;317.07;7.07;0
68-1;03:49:56;8.93;100.00;7.82;9.24;597;9.56;14.37;317.07;7.07;0
68-1;03:50:56;8.91;100.00;7.82;9.21;597;9.56;14.58;317.07;7.07;0
68-1;03:51:56;8.93;100.00;7.82;9.19;597;9.56;12.11;317.07;7.07;0
68-1;03:52:56;8.93;100.00;7.82;9.19;597;9.56;15.77;317.07;7.07;0
68-1;03:53:56;8.93;100.00;7.80;9.20;596;10.63;14.56;317.07;7.07;0
68-1;03:54:56;8.94;100.00;7.81;9.21;597;9.56;14.55;317.07;7.07;0
68-1;03:55:56;8.93;100.00;7.81;9.25;597;9.56;14.06;317.07;7.07;0
68-1;03:56:56;8.93;100.00;7.81;9.21;597;9.56;14.22;317.07;7.07;0
68-1;03:57:56;8.93;100.00;7.81;9.19;597;9.56;14.36;317.07;7.07;0
68-1;03:58:56;8.93;100.00;7.80;9.20;596;10.63;14.34;317.07;7.07;0
68-1;03:59:56;8.93;100.00;7.81;9.21;597;9.56;13.53;317.07;7.07;0
68-1;04:00:56;8.93;100.00;7.81;9.24;597;9.56;14.36;317.07;7.07;0
68-1;04:01:56;8.93;100.00;7.82;9.22;597;9.56;15.49;317.07;7.07;0
68-1;04:02:56;8.93;100.00;7.81;9.23;597;9.56;13.33;317.07;7.07;0
68-1;04:03:56;8.91;100.00;7.81;9.21;597;9.56;14.60;317.07;7.07;0
68-1;04:04:56;8.93;100.00;7.80;9.22;597;9.56;13.87;317.07;7.07;0
68-1;04:05:56;8.93;100.00;7.80;9.20;597;9.56;14.09;317.07;7.07;0
68-1;04:06:56;8.93;100.00;7.80;9.22;597;9.56;13.70;317.07;7.07;0
68-1;04:07:56;8.93;100.00;7.81;9.24;596;10.63;14.90;317.07;7.07;0
68-1;04:08:56;8.93;100.00;7.81;9.25;596;10.63;13.52;317.07;7.07;0
68-1;04:09:56;8.93;100.00;7.81;9.23;597;9.56;14.89;317.07;7.07;0
68-1;04:10:56;8.93;100.00;7.81;9.23;597;9.56;14.60;317.07;7.07;0
68-1;04:11:56;8.91;100.00;7.81;9.25;597;9.56;14.04;317.07;7.07;0
68-1;04:12:56;8.93;100.00;7.82;9.28;597;9.56;14.75;317.07;7.07;0
68-1;04:13:56;8.93;100.00;7.82;9.24;597;9.56;13.72;317.07;7.07;0
68-1;04:14:56;8.92;100.00;7.83;9.25;597;9.56;14.04;317.07;7.07;0
68-1;04:15:56;8.93;100.00;7.83;9.24;596;10.63;14.86;317.07;7.07;0
68-1;04:16:56;8.93;100.00;7.82;9.27;597;9.56;14.94;317.07;7.07;0
68-1;04:17:56;8.93;100.00;7.82;9.28;597;9.56;14.82;317.07;7.07;0
68-1;04:18:56;8.93;100.00;7.82;9.24;597;9.56;13.23;317.07;7.07;0
68-1;04:19:56;8.93;100.00;7.81;9.26;597;9.56;14.72;317.07;7.07;0
68-1;04:20:56;8.93;100.00;7.82;9.27;597;9.56;14.05;317.07;7.07;0
68-1;04:21:56;8.93;100.00;7.81;9.26;597;9.56;15.53;317.07;7.07;0
68-1;04:22:56;8.93;100.00;7.81;9.23;596;10.63;15.46;317.20;7.06;0
68-1;04:23:56;8.93;100.00;7.81;9.24;597;9.56;14.64;317.32;7.04;0
68-1;04:24:56;8.93;100.00;7.81;9.22;597;9.56;14.71;317.44;7.03;0
68-1;04:25:56;8.93;100.00;7.80;9.20;597;9.56;15.27;317.32;7.04;0
68-1;04:26:56;8.92;100.00;7.81;9.23;597;9.56;14.53;317.44;7.02;0
68-1;04:27:56;8.91;100.00;7.81;9.22;597;9.56;14.68;317.32;7.04;0
68-1;04:28:56;8.91;100.00;7.81;9.23;597;9.56;16.34;317.20;7.06;0
68-1;04:29:56;8.91;100.00;7.82;9.23;597;9.56;14.71;317.07;7.07;0
68-1;04:30:56;8.90;100.00;7.82;9.19;597;9.56;15.72;317.44;7.02;0
68-1;04:31:56;8.90;100.00;7.82;9.25;597;9.56;15.04;317.44;7.03;0
68-1;04:32:56;8.89;100.00;7.82;9.22;597;9.56;13.65;317.44;7.03;0
68-1;04:33:56;8.91;100.00;7.82;9.24;596;10.63;14.03;317.44;7.03;0
68-1;04:34:56;8.90;100.00;7.81;9.23;597;9.56;14.40;317.32;7.03;0
68-1;04:35:56;8.90;100.00;7.81;9.20;597;9.56;15.20;317.44;7.03;0
68-1;04:36:56;8.90;100.00;7.81;9.25;597;9.56;13.71;317.44;7.02;0
68-1;04:37:56;8.91;100.00;7.80;9.24;597;9.56;14.41;317.69;7.01;0
68-1;04:38:56;8.90;100.00;7.81;9.28;597;9.56;14.91;317.32;7.04;0
68-1;04:39:56;8.91;100.00;7.81;9.25;597;9.56;14.92;317.57;7.03;0
68-1;04:40:56;8.90;100.00;7.81;9.28;597;9.56;15.02;317.44;7.03;0
68-1;04:41:56;8.89;100.00;7.81;9.18;597;9.56;13.81;317.32;7.04;0
68-1;04:42:56;8.89;100.00;7.81;9.23;596;10.63;14.56;317.32;7.04;0
68-1;04:43:56;8.89;100.00;7.81;9.26;597;9.56;15.80;317.57;7.02;0
68-1;04:44:56;8.90;100.00;7.81;9.25;597;9.56;14.78;314.98;7.01;0
68-1;04:45:56;8.89;100.00;7.81;9.22;597;9.56;14.73;314.98;7.01;0
68-1;04:46:56;8.89;100.00;7.80;9.23;597;9.56;16.02;314.98;7.01;0
68-1;04:47:56;8.89;100.00;7.80;9.20;597;9.56;15.60;314.98;7.01;0
68-1;04:48:56;8.89;100.00;7.80;9.22;597;9.56;15.74;317.69;7.01;0
68-1;04:49:56;8.89;100.00;7.80;9.25;597;9.56;15.55;317.69;7.01;0
68-1;04:50:56;8.89;100.00;7.80;9.24;597;9.56;13.76;314.98;7.01;0
68-1;04:51:56;8.88;100.00;7.81;9.24;597;9.56;16.03;317.69;7.01;0
68-1;04:52:56;8.88;100.00;7.81;9.24;597;9.56;15.66;314.98;7.01;0
68-1;04:53:56;8.88;100.00;7.81;9.19;597;9.56;15.84;314.98;7.01;0
68-1;04:54:56;8.87;100.00;7.82;9.20;597;9.56;15.58;314.98;7.01;0
68-1;04:55:56;8.88;100.00;7.82;9.19;597;9.56;14.85;317.69;7.01;0
68-1;04:56:56;8.88;100.00;7.82;9.19;597;9.56;15.07;314.98;7.01;0
68-1;04:57:56;8.87;100.00;7.81;9.23;597;9.56;15.32;314.98;7.01;0
68-1;04:58:56;8.87;100.00;7.82;9.18;596;10.63;15.64;314.98;7.01;0
68-1;04:59:56;8.87;100.00;7.81;9.21;597;9.56;16.68;314.98;7.01;0
68-1;05:00:56;8.87;100.00;7.81;9.21;597;9.56;14.59;314.98;7.01;0
68-1;05:01:56;8.88;100.00;7.80;9.18;597;9.56;15.22;314.98;7.01;0
68-1;05:02:56;8.88;100.00;7.80;9.21;597;9.56;16.41;314.98;7.01;0
68-1;05:03:56;8.88;100.00;7.80;9.18;597;9.56;15.06;314.98;7.01;0
68-1;05:04:56;8.87;100.00;7.80;9.19;597;9.56;14.07;314.98;7.01;0
68-1;05:05:56;8.88;100.00;7.80;9.21;597;9.56;15.99;314.98;7.01;0
68-1;05:06:56;8.86;100.00;7.80;9.20;597;9.56;15.48;314.98;7.01;0
68-1;05:07:56;8.86;100.00;7.80;9.21;597;9.56;15.88;314.98;7.01;0
68-1;05:08:56;8.87;100.00;7.80;9.22;596;10.63;15.09;314.98;7.01;0
68-1;05:09:56;8.87;100.00;7.81;9.19;596;10.63;15.78;314.98;7.01;0
68-1;05:10:56;8.87;100.00;7.82;9.17;597;9.56;16.12;314.98;7.01;0
68-1;05:11:56;8.87;100.00;7.82;9.24;597;9.56;15.37;314.98;7.01;0
68-1;05:12:56;8.87;100.00;7.82;9.20;596;10.63;14.68;314.98;7.01;0
68-1;05:13:56;8.87;100.00;7.81;9.16;597;9.56;15.31;314.98;7.01;0
68-1;05:14:56;8.87;100.00;7.80;9.23;597;9.56;14.94;314.98;7.01;0
68-1;05:15:56;8.87;100.00;7.80;9.19;596;10.63;15.80;314.98;7.01;0
68-1;05:16:56;8.86;100.00;7.80;9.21;597;9.56;15.99;314.98;7.01;0
68-1;05:17:56;8.86;100.00;7.80;9.25;597;9.56;13.72;314.98;7.01;0
68-1;05:18:56;8.86;100.00;7.80;9.21;597;9.56;15.14;314.98;7.01;0
68-1;05:19:56;8.86;100.00;7.80;9.17;597;9.56;15.61;314.98;7.01;0
68-1;05:20:56;8.87;100.00;7.80;9.21;597;9.56;15.13;314.98;7.01;0
68-1;05:21:56;8.87;100.00;7.79;9.25;597;9.56;16.37;314.98;7.01;0
68-1;05:22:56;8.86;100.00;7.79;9.19;597;9.56;15.50;314.98;7.01;0
68-1;05:23:56;8.86;100.00;7.79;9.22;597;9.56;14.58;314.98;7.01;0
68-1;05:24:56;8.86;100.00;7.79;9.22;597;9.56;15.93;314.98;7.01;0
68-1;05:25:56;8.86;100.00;7.79;9.21;597;9.56;16.30;314.98;7.01;0
68-1;05:26:56;8.86;100.00;7.77;9.23;597;9.56;15.21;314.98;7.01;0
68-1;05:27:56;8.86;100.00;7.77;9.23;597;9.56;15.51;314.98;7.01;0
68-1;05:28:56;8.87;100.00;7.77;9.21;597;9.56;15.64;314.98;7.01;0
68-1;05:29:56;8.86;100.00;7.77;9.21;597;9.56;15.58;314.98;7.01;0
68-1;05:30:56;8.86;100.00;7.76;9.19;597;9.56;15.12;314.98;7.01;0
68-1;05:31:56;8.86;100.00;7.75;9.21;597;9.56;16.47;314.98;7.01;0
68-1;05:32:56;8.85;100.00;7.74;9.21;597;9.56;15.43;314.98;7.01;0
68-1;05:33:56;8.85;100.00;7.75;9.22;597;9.56;14.70;314.98;7.01;0
68-1;05:34:56;8.86;100.00;7.76;9.20;597;9.56;15.84;314.98;7.01;0
68-1;05:35:56;8.86;100.00;7.77;9.20;597;9.56;16.79;314.98;7.01;0
68-1;05:36:56;8.85;100.00;7.77;9.21;597;9.56;15.76;314.98;7.01;0
68-1;05:37:56;8.86;100.00;7.77;9.20;597;9.56;17.41;314.98;7.01;0
68-1;05:38:56;8.86;100.00;7.76;9.19;597;9.56;14.64;314.98;7.01;0
68-1;05:39:56;8.85;100.00;7.74;9.21;597;9.56;15.87;314.98;7.01;0
68-1;05:40:56;8.85;100.00;7.73;9.22;597;9.56;15.96;314.98;7.01;0
68-1;05:41:56;8.85;100.00;7.72;9.21;597;9.56;15.42;314.98;7.01;0
68-1;05:42:56;8.85;100.00;7.72;9.15;597;9.56;15.38;314.98;7.01;0
68-1;05:43:56;8.85;100.00;7.73;9.18;597;9.56;15.91;314.98;7.01;0
68-1;05:44:56;8.85;100.00;7.73;9.21;597;9.56;15.52;314.98;7.01;0
68-1;05:45:56;8.84;100.00;7.72;9.19;597;9.56;16.07;314.98;7.01;0
68-1;05:46:56;8.84;100.00;7.73;9.20;597;9.56;15.56;314.98;7.01;0
68-1;05:47:56;8.86;100.00;7.73;9.22;597;9.56;14.48;314.98;7.01;0
68-1;05:48:56;8.84;100.00;7.73;9.23;596;10.63;15.39;314.98;7.01;0
68-1;05:49:56;8.85;100.00;7.73;9.22;597;9.56;14.94;314.98;7.01;0
68-1;05:50:56;8.85;100.00;7.74;9.16;597;9.56;16.11;314.98;7.01;0
68-1;05:51:56;8.85;100.00;7.75;9.22;596;10.63;15.64;314.98;7.01;0
68-1;05:52:56;8.84;100.00;7.75;9.23;597;9.56;14.43;314.98;7.01;0
68-1;05:53:56;8.84;100.00;7.75;9.20;597;9.56;14.49;314.98;7.01;0
68-1;05:54:56;8.85;100.00;7.75;9.17;597;9.56;14.23;314.98;7.01;0
68-1;05:55:56;8.85;100.00;7.75;9.21;598;8.56;15.43;314.98;7.01;0
68-1;05:56:56;8.85;100.00;7.75;9.22;597;9.56;15.33;314.98;7.01;0
68-1;05:57:56;8.84;100.00;7.76;9.21;597;9.56;15.22;314.98;7.01;0
68-1;05:58:56;8.85;100.00;7.76;9.24;596;10.63;15.06;314.98;7.01;0
68-1;05:59:56;8.86;100.00;7.75;9.19;597;9.56;15.95;314.98;7.01;0
68-1;06:00:56;8.84;100.00;7.75;9.22;597;9.56;15.86;314.98;7.01;0
68-1;06:01:56;8.85;100.00;7.76;9.22;598;8.56;15.63;314.98;7.01;0
68-1;06:02:56;8.85;100.00;7.75;9.21;597;9.56;15.74;314.98;7.01;0
68-1;06:03:56;8.84;100.00;7.72;9.28;597;9.56;16.66;314.98;7.01;0
68-1;06:04:56;8.85;100.00;7.70;9.20;597;9.56;13.71;314.98;7.01;0
68-1;06:05:56;8.85;100.00;7.69;9.20;597;9.56;14.07;317.69;7.01;0
68-1;06:06:56;8.84;100.00;7.70;9.22;597;9.56;15.16;314.98;7.01;0
68-1;06:07:56;8.84;100.00;7.70;9.18;597;9.56;16.14;317.69;7.01;0
68-1;06:08:56;8.85;100.00;7.69;9.22;597;9.56;15.10;314.98;7.01;0
68-1;06:09:56;8.85;100.00;7.69;9.20;597;9.56;16.10;317.69;7.01;0
68-1;06:10:56;8.85;100.00;7.68;9.23;597;9.56;15.83;317.69;7.01;0
68-1;06:11:56;8.86;100.00;7.68;9.19;597;9.56;15.79;314.98;7.01;0
68-1;06:12:56;8.85;100.00;7.68;9.20;597;9.56;16.66;317.69;7.01;0
68-1;06:13:56;8.86;100.00;7.68;9.23;596;10.63;15.51;314.98;7.01;0
68-1;06:14:56;8.86;100.00;7.68;9.19;597;9.56;14.56;317.69;7.01;0
68-1;06:15:56;8.85;100.00;7.68;9.20;597;9.56;15.14;314.98;7.01;0
68-1;06:16:56;8.84;100.00;7.69;9.18;597;9.56;15.42;314.98;7.01;0
68-1;06:17:56;8.85;100.00;7.69;9.24;597;9.56;15.49;317.69;7.01;0
68-1;06:18:56;8.86;100.00;7.69;9.26;597;9.56;14.74;314.98;7.01;0
68-1;06:19:56;8.86;100.00;7.69;9.22;597;9.56;14.18;317.69;7.01;0
68-1;06:20:56;8.86;100.00;7.69;9.26;597;9.56;14.50;314.98;7.01;0
68-1;06:21:56;8.86;100.00;7.71;9.22;597;9.56;16.81;314.98;7.01;0
68-1;06:22:56;8.86;100.00;7.71;9.23;597;9.56;15.67;314.98;7.01;0
68-1;06:23:56;8.85;100.00;7.72;9.20;597;9.56;15.16;314.98;7.01;0
68-1;06:24:56;8.86;100.00;7.72;9.23;597;9.56;15.63;314.98;7.01;0
68-1;06:25:56;8.86;100.00;7.71;9.22;597;9.56;16.23;314.98;7.01;0
68-1;06:26:56;8.87;100.00;7.71;9.19;598;8.56;16.93;314.98;7.01;0
68-1;06:27:56;8.87;100.00;7.71;9.19;597;9.56;15.85;314.98;7.01;0
68-1;06:28:56;8.86;100.00;7.71;9.23;597;9.56;15.01;314.98;7.01;0
68-1;06:29:56;8.87;100.00;7.71;9.23;597;9.56;14.83;314.98;7.01;0
68-1;06:30:56;8.86;100.00;7.71;9.20;597;9.56;17.09;314.98;7.01;0
68-1;06:31:56;8.86;100.00;7.71;9.22;598;8.56;14.66;314.98;7.01;0
68-1;06:32:56;8.85;100.00;7.71;9.21;597;9.56;15.92;314.98;7.01;0
68-1;06:33:56;8.86;100.00;7.72;9.22;597;9.56;14.40;314.98;7.01;0
68-1;06:34:56;8.86;100.00;7.71;9.21;597;9.56;15.71;314.98;7.01;0
68-1;06:35:56;8.86;100.00;7.71;9.21;597;9.56;15.57;314.98;7.01;0
68-1;06:36:56;8.87;100.00;7.70;9.23;598;8.56;15.05;314.98;7.01;0
68-1;06:37:56;8.86;100.00;7.69;9.21;597;9.56;15.57;314.98;7.01;0
68-1;06:38:56;8.87;100.00;7.69;9.23;597;9.56;14.64;314.98;7.01;0
68-1;06:39:56;8.85;100.00;7.70;9.24;597;9.56;14.90;314.98;7.01;0
68-1;06:40:56;8.87;100.00;7.70;9.24;597;9.56;14.46;314.98;7.01;0
68-1;06:41:56;8.88;100.00;7.70;9.22;597;9.56;15.09;314.98;7.01;0
68-1;06:42:56;8.87;100.00;7.70;9.24;597;9.56;15.83;314.98;7.01;0
68-1;06:43:56;8.88;100.00;7.70;9.24;597;9.56;14.17;314.98;7.01;0
68-1;06:44:56;8.88;100.00;7.71;9.24;597;9.56;15.49;314.98;7.01;0
68-1;06:45:56;8.89;100.00;7.70;9.27;597;9.56;14.51;314.98;7.01;0
68-1;06:46:56;8.89;100.00;7.70;9.23;597;9.56;14.74;314.98;7.01;0
68-1;06:47:56;8.90;100.00;7.71;9.24;597;9.56;13.27;314.98;7.01;0
68-1;06:48:56;8.90;100.00;7.71;9.24;597;9.56;15.43;314.98;7.01;0
68-1;06:49:56;8.90;100.00;7.71;9.21;597;9.56;14.52;314.98;7.01;0
68-1;06:50:56;8.91;100.00;7.71;9.22;597;9.56;15.81;314.98;7.01;0
68-1;06:51:56;8.90;100.00;7.71;9.22;596;10.63;15.10;314.98;7.01;0
68-1;06:52:56;8.92;100.00;7.71;9.23;597;9.56;15.04;314.98;7.01;0
68-1;06:53:56;8.92;100.00;7.71;9.28;597;9.56;15.11;314.98;7.01;0
68-1;06:54:56;8.92;100.00;7.71;9.24;597;9.56;15.46;314.98;7.01;0
68-1;06:55:56;8.93;100.00;7.71;9.24;597;9.56;16.06;314.98;7.01;0
68-1;06:56:56;8.94;100.00;7.71;9.24;597;9.56;15.44;314.98;7.01;0
68-1;06:57:56;8.95;100.00;7.71;9.21;596;10.63;14.96;314.98;7.01;0
68-1;06:58:56;8.96;100.00;7.71;9.25;596;10.63;15.59;314.98;7.01;0
68-1;06:59:56;8.96;100.00;7.71;9.24;597;9.56;14.99;314.98;7.01;0
68-1;07:00:56;8.98;100.00;7.71;9.28;596;10.63;14.69;314.98;7.01;0
68-1;07:01:56;8.99;100.00;7.71;9.23;596;10.63;15.07;314.98;7.01;0
68-1;07:02:56;8.99;100.00;7.71;9.29;597;9.56;15.11;314.98;7.01;0
68-1;07:03:56;9.00;100.00;7.71;9.24;597;9.56;14.09;317.69;7.01;0
68-1;07:04:56;9.01;100.00;7.71;9.22;597;9.56;14.69;314.98;7.01;0
68-1;07:05:56;9.01;100.00;7.71;9.23;597;9.56;14.35;314.98;7.01;0
68-1;07:06:56;9.02;100.00;7.71;9.24;597;9.56;15.92;314.98;7.01;0
68-1;07:07:56;9.02;100.00;7.71;9.26;597;9.56;14.92;314.98;7.01;0
68-1;07:08:56;9.02;100.00;7.71;9.26;597;9.56;15.30;314.98;7.01;0
68-1;07:09:56;9.03;100.00;7.71;9.24;597;9.56;15.68;314.98;7.01;0
68-1;07:10:56;9.02;100.00;7.71;9.23;597;9.56;15.28;317.69;7.01;0
68-1;07:11:56;9.03;100.00;7.71;9.26;597;9.56;14.57;314.98;7.01;0
68-1;07:12:56;9.03;100.00;7.71;9.20;597;9.56;14.63;312.26;7.01;0
68-1;07:13:56;9.02;100.00;7.71;9.23;597;9.56;14.94;314.98;7.01;0
68-1;07:14:56;9.04;100.00;7.71;9.23;597;9.56;14.29;317.69;7.01;0
68-1;07:15:56;9.04;100.00;7.71;9.22;597;9.56;15.03;314.98;7.01;0
68-1;07:16:56;9.04;100.00;7.71;9.25;597;9.56;16.03;317.69;7.01;0
68-1;07:17:56;9.04;100.00;7.71;9.22;597;9.56;14.53;317.69;7.01;0
68-1;07:18:56;9.05;100.00;7.71;9.22;597;9.56;15.74;314.98;7.01;0
68-1;07:19:56;9.05;100.00;7.71;9.20;597;9.56;15.09;314.98;7.01;0
68-1;07:20:56;9.05;100.00;7.71;9.22;597;9.56;15.75;314.98;7.01;0
68-1;07:21:56;9.06;100.00;7.71;9.22;597;9.56;14.47;317.69;7.01;0
68-1;07:22:56;9.07;100.00;7.71;9.28;597;9.56;14.63;314.98;7.01;0
68-1;07:23:56;9.06;100.00;7.71;9.20;597;9.56;14.31;314.98;7.01;0
68-1;07:24:56;9.08;100.00;7.71;9.25;598;8.56;14.65;317.69;7.01;0
68-1;07:25:56;9.08;100.00;7.71;9.25;597;9.56;14.85;314.98;7.01;0
68-1;07:26:56;9.08;100.00;7.71;9.24;598;8.56;14.04;314.98;7.01;0
68-1;07:27:56;9.09;100.00;7.71;9.27;597;9.56;15.05;314.98;7.01;0
68-1;07:28:56;9.10;100.00;7.71;9.21;597;9.56;13.96;317.69;7.01;0
68-1;07:29:56;9.10;100.00;7.71;9.21;598;8.56;14.95;317.69;7.01;0
68-1;07:30:56;9.11;100.00;7.71;9.23;597;9.56;13.47;317.69;7.01;0
68-1;07:31:56;9.12;100.00;7.71;9.24;597;9.56;13.34;314.98;7.01;0
68-1;07:32:56;9.12;100.00;7.71;9.22;598;8.56;14.28;314.98;7.01;0
68-1;07:33:56;9.12;100.00;7.71;9.22;597;9.56;13.60;314.98;7.01;0
68-1;07:34:56;9.13;100.00;7.71;9.22;597;9.56;14.56;317.69;7.01;0
68-1;07:35:56;9.15;100.00;7.71;9.27;597;9.56;14.20;317.69;7.01;0
68-1;07:36:56;9.14;100.00;7.71;9.21;597;9.56;14.85;317.69;7.01;0
68-1;07:37:56;9.15;100.00;7.71;9.24;598;8.56;13.99;317.69;7.01;0
68-1;07:38:56;9.15;100.00;7.71;9.28;598;8.56;14.53;314.98;7.01;0
68-1;07:39:56;9.16;100.00;7.70;9.27;598;8.56;14.70;317.69;7.01;0
68-1;07:40:56;9.17;100.00;7.71;9.26;598;8.56;13.84;317.69;7.01;0
68-1;07:41:56;9.17;100.00;7.71;9.26;597;9.56;15.09;317.69;7.01;0
68-1;07:42:56;9.18;100.00;7.71;9.24;597;9.56;14.96;317.69;7.01;0
68-1;07:43:56;9.18;100.00;7.71;9.25;597;9.56;13.94;317.69;7.01;0
68-1;07:44:56;9.20;100.00;7.71;9.25;596;10.63;14.92;317.69;7.01;0
68-1;07:45:56;9.19;100.00;7.70;9.26;597;9.56;14.08;317.69;7.01;0
68-1;07:46:56;9.20;100.00;7.71;9.28;597;9.56;14.11;317.69;7.01;0
68-1;07:47:56;9.21;100.00;7.71;9.27;597;9.56;14.49;317.69;7.01;0
68-1;07:48:56;9.22;100.00;7.71;9.25;597;9.56;13.99;317.69;7.01;0
68-1;07:49:56;9.22;100.00;7.70;9.26;597;9.56;14.91;317.69;7.01;0
68-1;07:50:56;9.23;100.00;7.70;9.26;597;9.56;15.00;317.69;7.01;0
68-1;07:51:56;9.23;100.00;7.70;9.25;598;8.56;14.89;314.98;7.01;0
68-1;07:52:56;9.24;100.00;7.71;9.25;597;9.56;14.03;317.69;7.01;0
68-1;07:53:56;9.24;100.00;7.71;9.30;597;9.56;14.70;317.69;7.01;0
68-1;07:54:56;9.24;100.00;7.71;9.25;597;9.56;14.35;317.69;7.01;0
68-1;07:55:56;9.27;100.00;7.70;9.27;597;9.56;14.53;317.69;7.01;0
68-1;07:56:56;9.25;100.00;7.71;9.28;597;9.56;13.85;314.98;7.01;0
68-1;07:57:56;9.28;100.00;7.70;9.25;597;9.56;14.48;314.98;7.01;0
68-1;07:58:56;9.27;100.00;7.70;9.29;597;9.56;14.64;317.69;7.01;0
68-1;07:59:56;9.27;100.00;7.70;9.28;597;9.56;14.47;317.69;7.01;0
68-1;08:00:56;9.28;100.00;7.70;9.25;597;9.56;14.92;314.98;7.01;0
68-1;08:01:56;9.30;100.00;7.70;9.30;597;9.56;13.73;314.98;7.01;0
68-1;08:02:56;9.30;100.00;7.70;9.25;596;10.63;14.07;314.98;7.01;0
68-1;08:03:56;9.32;100.00;7.70;9.28;597;9.56;14.55;317.69;7.01;0
68-1;08:04:56;9.32;100.00;7.70;9.27;597;9.56;12.69;317.69;7.01;0
68-1;08:05:56;9.33;100.00;7.71;9.29;597;9.56;15.33;317.69;7.01;0
68-1;08:06:56;9.35;100.00;7.70;9.23;597;9.56;15.96;317.69;7.01;0
68-1;08:07:56;9.36;100.00;7.70;9.29;597;9.56;13.96;317.57;7.02;0
68-1;08:08:56;9.37;100.00;7.70;9.26;596;10.63;13.29;314.98;7.01;0
68-1;08:09:56;9.38;100.00;7.70;9.28;596;10.63;13.29;314.85;7.02;0
68-1;08:10:56;9.39;100.00;7.70;9.25;597;9.56;14.66;314.98;7.01;0
68-1;08:11:56;9.40;100.00;7.70;9.23;597;9.56;13.78;314.85;7.02;0
68-1;08:12:56;9.40;100.00;7.69;9.29;596;10.63;14.08;317.69;7.02;0
68-1;08:13:56;9.41;100.00;7.69;9.28;597;9.56;13.64;314.85;7.02;0
68-1;08:14:56;9.42;100.00;7.70;9.26;597;9.56;13.17;317.69;7.01;0
68-1;08:15:56;9.42;100.00;7.69;9.27;597;9.56;13.85;312.14;7.02;0
68-1;08:16:56;9.43;100.00;7.70;9.27;597;9.56;13.45;317.57;7.02;0
68-1;08:17:56;9.45;100.00;7.70;9.25;597;9.56;13.23;317.44;7.02;0
68-1;08:18:56;9.45;100.00;7.69;9.28;597;9.56;14.95;314.61;7.04;0
68-1;08:19:56;9.46;100.00;7.70;9.28;597;9.56;14.35;317.57;7.02;0
68-1;08:20:56;9.47;100.00;7.69;9.26;597;9.56;13.52;317.32;7.04;0
68-1;08:21:56;9.47;100.00;7.69;9.27;597;9.56;13.96;317.44;7.03;0
68-1;08:22:56;9.47;100.00;7.70;9.29;597;9.56;14.07;317.32;7.04;0
68-1;08:23:56;9.47;100.00;7.69;9.27;597;9.56;14.79;317.32;7.04;0
68-1;08:24:56;9.49;100.00;7.69;9.25;597;9.56;14.69;317.20;7.06;0
68-1;08:25:56;9.49;100.00;7.70;9.28;597;9.56;12.70;317.32;7.04;0
68-1;08:26:56;9.50;100.00;7.69;9.28;598;8.56;13.44;317.07;7.07;0
68-1;08:27:56;9.49;100.00;7.70;9.26;596;10.63;13.88;317.07;7.07;0
68-1;08:28:56;9.50;100.00;7.70;9.25;598;8.56;15.51;311.65;7.07;0
68-1;08:29:56;9.50;100.00;7.69;9.25;597;9.56;13.46;317.07;7.07;0
68-1;08:30:56;9.51;100.00;7.70;9.23;598;8.56;14.29;317.07;7.07;0
68-1;08:31:56;9.51;100.00;7.69;9.27;598;8.56;14.35;317.07;7.07;0
68-1;08:32:56;9.52;100.00;7.69;9.23;597;9.56;14.01;317.07;7.07;0
68-1;08:33:56;9.53;100.00;7.69;9.27;598;8.56;13.46;317.07;7.07;0
68-1;08:34:56;9.53;100.00;7.69;9.23;598;8.56;14.50;317.07;7.07;0
68-1;08:35:56;9.54;100.00;7.69;9.28;597;9.56;13.41;317.20;7.06;0
68-1;08:36:56;9.54;100.00;7.69;9.31;597;9.56;13.07;317.20;7.06;0
68-1;08:37:56;9.56;100.00;7.70;9.28;597;9.56;14.63;317.07;7.07;0
68-1;08:38:56;9.56;100.00;7.70;9.29;596;10.63;13.76;314.36;7.07;0
68-1;08:39:56;9.57;100.00;7.70;9.28;596;10.63;12.94;317.07;7.07;0
68-1;08:40:56;9.59;100.00;7.70;9.28;597;9.56;14.66;317.07;7.07;0
68-1;08:41:56;9.61;100.00;7.70;9.24;597;9.56;15.81;317.07;7.07;0
68-1;08:42:56;9.62;100.00;7.70;9.27;597;9.56;13.49;317.07;7.07;0
68-1;08:43:56;9.63;100.00;7.70;9.30;597;9.56;13.80;317.07;7.07;0
68-1;08:44:56;9.65;100.00;7.70;9.29;597;9.56;14.43;314.36;7.07;0
68-1;08:45:56;9.67;100.00;7.70;9.33;596;10.63;15.11;317.07;7.07;0
68-1;08:46:56;9.70;100.00;7.70;9.34;596;10.63;15.15;317.07;7.07;0
68-1;08:47:56;9.72;100.00;7.70;9.35;597;9.56;13.74;317.07;7.07;0
68-1;08:48:56;9.74;100.00;7.70;9.34;597;9.56;13.78;317.07;7.07;0
68-1;08:49:56;9.77;100.00;7.70;9.33;597;9.56;13.85;317.07;7.07;0
68-1;08:50:56;9.79;100.00;7.70;9.28;597;9.56;14.43;317.07;7.07;0
68-1;08:51:56;9.81;100.00;7.70;9.29;597;9.56;14.15;317.07;7.07;0
68-1;08:52:56;9.83;100.00;7.69;9.31;597;9.56;14.99;317.07;7.07;0
68-1;08:53:56;9.85;100.00;7.69;9.30;596;10.63;13.38;317.07;7.07;0
68-1;08:54:56;9.87;100.00;7.69;9.33;596;10.63;14.84;317.07;7.07;0
68-1;08:55:56;9.89;100.00;7.70;9.30;597;9.56;15.02;317.07;7.07;0
68-1;08:56:56;9.92;100.00;7.70;9.30;597;9.56;14.68;317.07;7.07;0
68-1;08:57:56;9.94;100.00;7.69;9.30;597;9.56;13.80;317.07;7.07;0
68-1;08:58:56;9.95;100.00;7.69;9.32;596;10.63;13.37;316.70;7.09;0
68-1;08:59:56;9.98;100.00;7.69;9.30;597;9.56;14.08;316.70;7.11;0
68-1;09:00:56;9.98;100.00;7.69;9.29;597;9.56;13.60;316.46;7.13;0
68-1;09:01:56;10.00;100.00;7.69;9.29;597;9.56;15.12;316.46;7.13;0
68-1;09:02:56;10.02;100.00;7.69;9.30;596;10.63;15.06;316.46;7.13;0
68-1;09:03:56;10.03;100.00;7.69;9.29;597;9.56;14.54;316.46;7.13;0
68-1;09:04:56;10.04;100.00;7.69;9.32;596;10.63;13.62;316.46;7.13;0
68-1;09:05:56;10.04;100.00;7.69;9.29;597;9.56;15.09;316.46;7.13;0
68-1;09:06:56;10.05;100.00;7.69;9.32;597;9.56;15.63;316.46;7.13;0
68-1;09:07:56;10.06;100.00;7.69;9.26;597;9.56;14.75;316.46;7.13;0
68-1;09:08:56;10.07;100.00;7.69;9.30;597;9.56;15.40;316.46;7.13;0
68-1;09:09:56;10.09;100.00;7.69;9.31;597;9.56;14.07;316.46;7.13;0
68-1;09:10:56;10.11;100.00;7.69;9.33;597;9.56;15.26;316.46;7.13;0
68-1;09:11:56;10.12;100.00;7.69;9.28;597;9.56;14.14;316.46;7.13;0
68-1;09:12:56;10.14;100.00;7.70;9.28;597;9.56;15.09;316.46;7.13;0
68-1;09:13:56;10.16;100.00;7.69;9.30;596;10.63;15.15;316.46;7.13;0
68-1;09:14:56;10.19;100.00;7.69;9.34;597;9.56;13.85;316.46;7.13;0
68-1;09:15:56;10.22;100.00;7.69;9.29;596;10.63;15.73;316.46;7.13;0
68-1;09:16:56;10.24;100.00;7.69;9.31;596;10.63;14.22;316.46;7.13;0
68-1;09:17:56;10.27;100.00;7.69;9.31;597;9.56;13.82;316.46;7.13;0
68-1;09:18:56;10.29;100.00;7.69;9.27;596;10.63;15.49;316.46;7.13;0
68-1;09:19:56;10.33;100.00;7.70;9.29;596;10.63;14.04;316.46;7.13;0
68-1;09:20:56;10.36;100.00;7.69;9.30;596;10.63;15.22;316.46;7.13;0
68-1;09:21:56;10.40;100.00;7.69;9.27;596;10.63;14.43;316.46;7.13;0
68-1;09:22:56;10.43;100.00;7.69;9.29;596;10.63;13.94;316.46;7.13;0
68-1;09:23:56;10.46;100.00;7.69;9.29;596;10.63;14.54;316.33;7.14;0
68-1;09:24:56;10.49;100.00;7.69;9.30;596;10.63;13.90;316.09;7.17;0
68-1;09:25:56;10.53;100.00;7.69;9.30;596;10.63;14.42;315.84;7.19;0
68-1;09:26:56;10.56;100.00;7.69;9.28;596;10.63;14.85;315.84;7.19;0
68-1;09:27:56;10.58;100.00;7.69;9.30;596;10.63;13.63;315.84;7.19;0
68-1;09:28:56;10.61;100.00;7.69;9.30;596;10.63;14.43;315.84;7.19;0
68-1;09:29:56;10.63;100.00;7.69;9.30;597;9.56;13.22;315.84;7.19;0
68-1;09:30:56;10.67;100.00;7.69;9.28;596;10.63;13.85;315.84;7.19;0
68-1;09:31:56;10.69;100.00;7.69;9.28;597;9.56;15.47;315.84;7.19;0
68-1;09:32:56;10.71;100.00;7.70;9.29;597;9.56;14.67;315.84;7.19;0
68-1;09:33:56;10.74;100.00;7.69;9.26;596;10.63;14.96;315.84;7.19;0
68-1;09:34:56;10.77;100.00;7.69;9.29;596;10.63;14.74;315.84;7.19;0
68-1;09:35:56;10.80;100.00;7.69;9.26;596;10.63;13.57;315.84;7.19;0
68-1;09:36:56;10.82;100.00;7.69;9.30;596;10.63;14.08;315.84;7.19;0
68-1;09:37:56;10.87;100.00;7.70;9.29;595;11.78;15.02;315.47;7.23;0
68-1;09:38:56;10.89;100.00;7.69;9.30;596;10.63;15.39;315.23;7.26;0
68-1;09:39:56;10.94;100.00;7.69;9.31;595;11.78;14.45;315.23;7.26;0
68-1;09:40:56;10.97;100.00;7.70;9.33;596;10.63;14.57;315.23;7.26;0
68-1;09:41:56;11.00;100.00;7.70;9.31;596;10.63;14.21;315.23;7.26;0
68-1;09:42:56;11.05;100.00;7.69;9.27;597;9.56;14.22;315.23;7.26;0
68-1;09:43:56;11.08;100.00;7.69;9.34;596;10.63;14.44;315.23;7.26;0
68-1;09:44:56;11.11;100.00;7.69;9.26;596;10.63;14.33;315.23;7.26;0
68-1;09:45:56;11.14;100.00;7.68;9.26;597;9.56;14.29;315.23;7.26;0
68-1;09:46:56;11.16;100.00;7.69;9.28;596;10.63;14.02;315.23;7.26;0
68-1;09:47:56;11.19;100.00;7.69;9.26;596;10.63;14.22;315.23;7.26;0
68-1;09:48:56;11.20;100.00;7.69;9.28;596;10.63;13.14;315.23;7.26;0
68-1;09:49:56;11.22;100.00;7.68;9.31;596;10.63;15.84;315.23;7.26;0
68-1;09:50:56;11.24;100.00;7.69;9.28;596;10.63;14.86;315.23;7.26;0
68-1;09:51:56;11.26;100.00;7.69;9.25;596;10.63;15.55;315.23;7.26;0
68-1;09:52:56;11.27;100.00;7.69;9.33;596;10.63;14.07;315.23;7.26;0
68-1;09:53:56;11.27;100.00;7.69;9.31;596;10.63;14.45;315.23;7.26;0
68-1;09:54:56;11.29;100.00;7.69;9.26;597;9.56;16.12;315.23;7.26;0
68-1;09:55:56;11.31;100.00;7.70;9.27;596;10.63;14.30;315.23;7.26;0
68-1;09:56:56;11.32;100.00;7.69;9.24;595;11.78;15.27;315.23;7.26;0
68-1;09:57:56;11.33;100.00;7.70;9.24;596;10.63;13.81;315.23;7.26;0
68-1;09:58:56;11.35;100.00;7.70;9.26;596;10.63;14.80;315.23;7.26;0
68-1;09:59:56;11.35;100.00;7.70;9.24;597;9.56;15.10;315.23;7.26;0
68-1;10:00:56;11.38;100.00;7.71;9.26;597;9.56;14.34;315.23;7.26;0
68-1;10:01:56;11.39;100.00;7.71;9.25;597;9.56;14.38;315.23;7.26;0
68-1;10:02:56;11.39;100.00;7.70;9.25;598;8.56;14.50;315.23;7.26;0
68-1;10:03:56;11.41;100.00;7.70;9.29;597;9.56;13.60;315.23;7.26;0
68-1;10:04:56;11.43;100.00;7.71;9.25;597;9.56;13.93;315.23;7.26;0
68-1;10:05:56;11.44;100.00;7.71;9.29;597;9.56;14.79;315.23;7.26;0
68-1;10:06:56;11.46;100.00;7.67;9.25;597;9.56;14.18;315.10;7.27;0
68-1;10:07:56;11.46;100.00;7.68;9.30;597;9.56;14.02;315.23;7.26;0
68-1;10:08:56;11.48;100.00;7.69;9.26;597;9.56;14.90;315.23;7.26;0
68-1;10:09:56;11.50;100.00;7.68;9.28;597;9.56;14.90;315.23;7.26;0
68-1;10:10:56;11.51;100.00;7.68;9.28;597;9.56;14.96;315.23;7.26;0
68-1;10:11:56;11.51;100.00;7.67;9.25;597;9.56;14.00;315.10;7.27;0
68-1;10:12:56;11.54;100.00;7.67;9.27;597;9.56;15.34;314.74;7.32;0
68-1;10:13:56;11.56;100.00;7.67;9.27;596;10.63;13.91;314.86;7.30;0
68-1;10:14:56;11.57;100.00;7.67;9.24;598;8.56;14.29;314.49;7.33;0
68-1;10:15:56;11.58;100.00;7.68;9.26;597;9.56;13.79;314.49;7.33;0
68-1;10:16:56;11.60;100.00;7.72;9.26;596;10.63;15.13;314.49;7.33;0
68-1;10:17:56;11.62;100.00;7.71;9.28;597;9.56;14.45;314.49;7.33;0
68-1;10:18:56;11.64;100.00;7.67;9.26;596;10.63;14.88;314.49;7.33;0
68-1;10:19:56;11.66;100.00;7.66;9.24;597;9.56;15.14;314.49;7.33;0
68-1;10:20:56;11.68;100.00;7.67;9.27;597;9.56;14.74;314.49;7.33;0
68-1;10:21:56;11.71;100.00;7.67;9.30;596;10.63;15.51;314.49;7.33;0
68-1;10:22:56;11.73;100.00;7.68;9.27;597;9.56;14.38;314.49;7.33;0
68-1;10:23:56;11.75;100.00;7.67;9.27;597;9.56;14.54;314.49;7.33;0
68-1;10:24:56;11.77;100.00;7.67;9.29;597;9.56;15.80;314.49;7.33;0
68-1;10:25:56;11.79;100.00;7.68;9.29;597;9.56;13.85;314.49;7.33;0
68-1;10:26:56;11.83;100.00;7.68;9.30;596;10.63;15.23;314.49;7.33;0
68-1;10:27:56;11.85;100.00;7.68;9.28;597;9.56;15.11;314.49;7.33;0
68-1;10:28:56;11.88;100.00;7.67;9.26;597;9.56;14.15;317.18;7.33;0
68-1;10:29:56;11.90;100.00;7.71;9.29;596;10.63;13.69;317.06;7.35;0
68-1;10:30:56;11.92;100.00;7.72;9.27;597;9.56;14.85;316.56;7.40;0
68-1;10:31:56;11.94;100.00;7.69;9.24;596;10.63;14.38;316.56;7.40;0
68-1;10:32:56;11.96;100.00;7.65;9.25;596;10.63;14.59;316.56;7.40;0
68-1;10:33:56;11.98;100.00;7.67;9.27;597;9.56;13.96;316.56;7.40;0
68-1;10:34:56;12.02;100.00;7.66;9.23;597;9.56;14.38;316.56;7.40;0
68-1;10:35:56;12.06;100.00;7.66;9.29;597;9.56;14.31;316.56;7.40;0
68-1;10:36:56;12.10;100.00;7.66;9.24;597;9.56;14.06;316.56;7.40;0
68-1;10:37:56;12.15;100.00;7.67;9.29;597;9.56;15.34;316.56;7.40;0
68-1;10:38:56;12.19;100.00;7.69;9.26;597;9.56;14.75;316.56;7.40;0
68-1;10:39:56;12.22;100.00;7.73;9.29;596;10.63;13.75;316.56;7.40;0
68-1;10:40:56;12.26;100.00;7.72;9.29;596;10.63;14.54;316.56;7.40;0
68-1;10:41:56;12.28;100.00;7.75;9.29;596;10.63;14.81;316.56;7.40;0
68-1;10:42:56;12.32;100.00;7.75;9.25;596;10.63;14.15;316.56;7.40;0
68-1;10:43:56;12.35;100.00;7.75;9.29;596;10.63;14.67;316.56;7.40;0
68-1;10:44:56;12.38;100.00;7.70;9.26;597;9.56;13.33;316.56;7.40;0
68-1;10:45:56;12.39;100.00;7.71;9.27;596;10.63;14.86;316.56;7.40;0
68-1;10:46:56;12.42;100.00;7.69;9.25;596;10.63;13.87;316.56;7.40;0
68-1;10:47:56;12.44;100.00;7.69;9.20;597;9.56;14.66;316.56;7.40;0
68-1;10:48:56;12.46;100.00;7.69;9.25;596;10.63;14.81;316.56;7.40;0
68-1;10:49:56;12.48;100.00;7.69;9.29;596;10.63;13.86;316.56;7.40;0
68-1;10:50:56;12.50;100.00;7.68;9.27;596;10.63;15.05;316.56;7.40;0
68-1;10:51:56;12.55;100.00;7.67;9.29;596;10.63;15.10;316.56;7.40;0
68-1;10:52:56;12.58;100.00;7.71;9.21;595;11.78;14.43;316.56;7.40;0
68-1;10:53:56;12.62;100.00;7.67;9.27;596;10.63;14.65;316.44;7.41;0
68-1;10:54:56;12.65;100.00;7.68;9.25;597;9.56;14.14;316.44;7.41;0
68-1;10:55:56;12.68;100.00;7.72;9.25;597;9.56;13.78;316.07;7.45;0
68-1;10:56:56;12.72;100.00;7.73;9.22;597;9.56;14.46;315.95;7.46;0
68-1;10:57:56;12.74;100.00;7.69;9.25;597;9.56;15.84;315.95;7.46;0
68-1;10:58:56;12.76;100.00;7.71;9.29;597;9.56;14.58;315.95;7.46;0
68-1;10:59:56;12.78;100.00;7.72;9.20;596;10.63;13.69;315.95;7.46;0
68-1;11:00:56;12.79;100.00;7.66;9.16;597;9.56;14.32;315.95;7.46;0
68-1;11:01:56;12.82;100.00;7.68;9.25;596;10.63;14.48;315.95;7.46;0
68-1;11:02:56;12.85;100.00;7.69;9.25;597;9.56;15.67;315.95;7.46;0
68-1;11:03:56;12.86;100.00;7.68;9.25;597;9.56;14.98;315.95;7.46;0
68-1;11:04:56;12.87;100.00;7.71;9.28;597;9.56;16.12;315.95;7.46;0
68-1;11:05:56;12.90;100.00;7.71;9.29;597;9.56;14.78;315.95;7.46;0
68-1;11:06:56;12.90;100.00;7.71;9.26;597;9.56;13.99;315.82;7.47;0
68-1;11:07:56;12.91;100.00;7.73;9.22;597;9.56;15.41;315.95;7.46;0
68-1;11:08:56;12.91;100.00;7.76;9.21;598;8.56;14.75;315.70;7.48;0
68-1;11:09:56;12.91;100.00;7.74;9.21;598;8.56;14.32;315.58;7.50;0
68-1;11:10:56;12.91;100.00;7.72;9.23;598;8.56;14.53;315.33;7.52;0
68-1;11:11:56;12.91;100.00;7.69;9.24;598;8.56;14.42;315.33;7.52;0
68-1;11:12:56;12.91;100.00;7.70;9.27;597;9.56;16.32;315.33;7.52;0
68-1;11:13:56;12.92;100.00;7.69;9.20;597;9.56;13.77;315.33;7.52;0
68-1;11:14:56;12.93;100.00;7.71;9.21;598;8.56;16.05;315.33;7.52;0
68-1;11:15:56;12.93;100.00;7.71;9.25;597;9.56;14.88;315.33;7.52;0
68-1;11:16:56;12.94;100.00;7.73;9.15;597;9.56;14.61;315.33;7.52;0
68-1;11:17:56;12.94;100.00;7.73;9.20;597;9.56;15.71;315.33;7.52;0
68-1;11:18:56;12.94;100.00;7.73;9.17;598;8.56;15.73;315.33;7.52;0
68-1;11:19:56;12.92;100.00;7.76;9.26;597;9.56;14.58;315.33;7.52;0
68-1;11:20:56;12.91;100.00;7.79;9.19;598;8.56;14.98;315.33;7.52;0
68-1;11:21:56;12.89;100.00;7.75;9.20;598;8.56;15.28;315.33;7.52;0
68-1;11:22:56;12.89;100.00;7.72;9.27;598;8.56;13.99;315.33;7.52;0
68-1;11:23:56;12.87;100.00;7.69;9.20;597;9.56;15.45;315.33;7.52;0
68-1;11:24:56;12.86;100.00;7.68;9.28;598;8.56;14.30;315.33;7.52;0
68-1;11:25:56;12.86;100.00;7.70;9.17;598;8.56;14.50;315.33;7.52;0
68-1;11:26:56;12.87;100.00;7.70;9.15;598;8.56;15.96;315.33;7.52;0
68-1;11:27:56;12.89;100.00;7.73;9.21;597;9.56;16.13;315.33;7.52;0
68-1;11:28:56;12.91;100.00;7.72;9.19;598;8.56;15.18;315.33;7.52;0
68-1;11:29:56;12.92;100.00;7.73;9.22;597;9.56;16.07;315.33;7.52;0
68-1;11:30:56;12.93;100.00;7.75;9.22;597;9.56;16.02;315.09;7.55;0
68-1;11:31:56;12.93;100.00;7.73;9.18;597;9.56;16.01;314.96;7.56;0
68-1;11:32:56;12.94;100.00;7.73;9.26;597;9.56;16.23;314.96;7.56;0
68-1;11:33:56;12.95;100.00;7.82;9.23;597;9.56;16.47;314.84;7.57;0
68-1;11:34:56;12.95;100.00;7.75;9.21;597;9.56;15.10;314.72;7.59;0
68-1;11:35:56;12.97;100.00;7.72;9.22;596;10.63;15.91;314.72;7.59;0
68-1;11:36:56;12.98;100.00;7.69;9.23;597;9.56;15.21;314.72;7.59;0
68-1;11:37:56;12.98;100.00;7.71;9.21;597;9.56;15.17;314.72;7.59;0
68-1;11:38:56;12.99;100.00;7.73;9.21;597;9.56;18.01;314.72;7.59;0
68-1;11:39:56;13.00;100.00;7.73;9.20;596;10.63;15.09;314.72;7.59;0
68-1;11:40:56;13.01;100.00;7.71;9.23;597;9.56;14.76;314.72;7.59;0
68-1;11:41:56;13.01;100.00;7.71;9.25;596;10.63;15.95;314.72;7.59;0
68-1;11:42:56;13.02;100.00;7.73;9.23;597;9.56;14.93;317.39;7.59;0
68-1;11:43:56;13.02;100.00;7.75;9.23;597;9.56;14.80;317.39;7.59;0
68-1;11:44:56;13.03;100.00;7.73;9.23;596;10.63;14.57;314.72;7.59;0
68-1;11:45:56;13.03;100.00;7.73;9.23;597;9.56;15.28;317.39;7.59;0
68-1;11:46:56;13.02;100.00;7.77;9.19;596;10.63;15.39;317.39;7.59;0
68-1;11:47:56;13.02;100.00;7.82;9.26;596;10.63;13.94;314.72;7.59;0
68-1;11:48:56;13.02;100.00;7.72;9.26;597;9.56;15.09;317.14;7.61;0
68-1;11:49:56;13.01;100.00;7.71;9.21;597;9.56;14.84;317.26;7.60;0
68-1;11:50:56;13.01;100.00;7.69;9.26;597;9.56;13.77;314.60;7.60;0
68-1;11:51:56;13.01;100.00;7.72;9.20;597;9.56;13.91;314.72;7.59;0
68-1;11:52:56;13.01;100.00;7.74;9.23;597;9.56;14.89;317.39;7.59;0
68-1;11:53:56;13.01;100.00;7.74;9.20;597;9.56;15.61;314.60;7.60;0
68-1;11:54:56;12.99;100.00;7.73;9.26;597;9.56;16.00;317.26;7.60;0
68-1;11:55:56;13.00;100.00;7.72;9.23;597;9.56;15.47;317.01;7.62;0
68-1;11:56:56;12.99;100.00;7.73;9.22;597;9.56;14.41;317.14;7.60;0
68-1;11:57:56;12.99;100.00;7.75;9.21;597;9.56;14.49;317.14;7.61;0
68-1;11:58:56;12.97;100.00;7.76;9.23;598;8.56;14.96;317.14;7.61;0
68-1;11:59:56;12.97;100.00;7.79;9.24;597;9.56;13.87;317.14;7.62;0
68-1;12:00:56;12.95;100.00;7.76;9.21;598;8.56;14.94;316.77;7.65;0
68-1;12:01:56;12.95;100.00;7.69;9.26;598;8.56;13.99;316.77;7.65;0
68-1;12:02:56;12.95;100.00;7.71;9.25;598;8.56;15.22;316.77;7.65;0
68-1;12:03:56;12.94;100.00;7.74;9.24;598;8.56;15.53;316.77;7.65;0
68-1;12:04:56;12.93;100.00;7.73;9.19;598;8.56;13.92;316.77;7.65;0
68-1;12:05:56;12.93;100.00;7.71;9.19;597;9.56;14.07;316.77;7.65;0
68-1;12:06:56;12.93;100.00;7.69;9.15;597;9.56;15.46;316.77;7.65;0
68-1;12:07:56;12.93;100.00;7.70;9.19;598;8.56;13.96;316.77;7.65;0
68-1;12:08:56;12.95;100.00;7.71;9.21;597;9.56;13.96;316.77;7.65;0
68-1;12:09:56;12.99;100.00;7.69;9.21;597;9.56;15.49;316.77;7.65;0
68-1;12:10:56;13.03;100.00;7.71;9.19;597;9.56;15.32;316.77;7.65;0
68-1;12:11:56;13.06;100.00;7.74;9.20;596;10.63;14.78;316.77;7.65;0
68-1;12:12:56;13.10;100.00;7.76;9.22;596;10.63;14.01;316.77;7.65;0
68-1;12:13:56;13.13;100.00;7.71;9.21;598;8.56;14.76;316.77;7.65;0
68-1;12:14:56;13.17;100.00;7.69;9.21;597;9.56;15.04;316.77;7.65;0
68-1;12:15:56;13.22;100.00;7.71;9.17;598;8.56;15.05;316.52;7.69;0
68-1;12:16:56;13.26;100.00;7.71;9.24;598;8.56;15.47;316.03;7.73;0
68-1;12:17:56;13.29;100.00;7.73;9.21;598;8.56;16.44;316.03;7.73;0
68-1;12:18:56;13.32;100.00;7.72;9.23;598;8.56;14.87;316.03;7.73;0
68-1;12:19:56;13.35;100.00;7.72;9.26;597;9.56;14.80;316.03;7.73;0
68-1;12:20:56;13.38;100.00;7.68;9.20;598;8.56;14.41;316.03;7.73;0
68-1;12:21:56;13.41;100.00;7.72;9.21;598;8.56;13.79;316.03;7.73;0
68-1;12:22:56;13.44;100.00;7.74;9.20;597;9.56;15.97;316.03;7.73;0
68-1;12:23:56;13.47;100.00;7.73;9.20;598;8.56;15.01;315.54;7.78;0
68-1;12:24:56;13.48;100.00;7.78;9.24;598;8.56;14.56;315.66;7.78;0
68-1;12:25:56;13.51;100.00;7.76;9.22;598;8.56;14.47;315.41;7.79;0
68-1;12:26:56;13.53;100.00;7.71;9.21;597;9.56;14.24;315.41;7.79;0
68-1;12:27:56;13.55;100.00;7.72;9.20;598;8.56;15.29;315.41;7.79;0
68-1;12:28:56;13.56;100.00;7.74;9.19;597;9.56;15.79;315.41;7.79;0
68-1;12:29:56;13.57;100.00;7.72;9.22;598;8.56;14.89;315.41;7.79;0
68-1;12:30:56;13.59;100.00;7.68;9.24;597;9.56;13.65;315.41;7.79;0
68-1;12:31:56;13.60;100.00;7.68;9.20;598;8.56;15.11;315.41;7.79;0
68-1;12:32:56;13.63;100.00;7.71;9.20;597;9.56;15.14;315.41;7.79;0
68-1;12:33:56;13.64;100.00;7.75;9.16;596;10.63;15.51;315.41;7.79;0
68-1;12:34:56;13.66;100.00;7.69;9.20;597;9.56;15.23;315.41;7.79;0
68-1;12:35:56;13.67;100.00;7.68;9.19;597;9.56;14.42;315.41;7.79;0
68-1;12:36:56;13.69;100.00;7.71;9.16;598;8.56;14.81;315.29;7.80;0
68-1;12:37:56;13.70;100.00;7.78;9.21;598;8.56;14.04;314.80;7.85;0
68-1;12:38:56;13.72;100.00;7.72;9.17;597;9.56;14.92;314.80;7.85;0
68-1;12:39:56;13.73;100.00;7.65;9.15;598;8.56;14.45;314.80;7.85;0
68-1;12:40:56;13.75;100.00;7.67;9.20;597;9.56;14.61;314.80;7.85;0
68-1;12:41:56;13.78;100.00;7.70;9.16;597;9.56;16.19;314.80;7.85;0
68-1;12:42:56;13.82;100.00;7.68;9.17;598;8.56;13.91;314.80;7.85;0
68-1;12:43:56;13.83;100.00;7.69;9.19;597;9.56;14.36;314.80;7.85;0
68-1;12:44:56;13.87;100.00;7.71;9.20;598;8.56;15.47;314.31;7.90;0
68-1;12:45:56;13.90;100.00;7.71;9.16;598;8.56;14.05;314.19;7.92;0
68-1;12:46:56;13.93;100.00;7.73;9.18;597;9.56;15.55;316.83;7.92;0
68-1;12:47:56;13.99;100.00;7.75;9.16;597;9.56;16.04;316.83;7.92;0
68-1;12:48:56;14.03;100.00;7.76;9.17;597;9.56;16.41;316.21;7.98;0
68-1;12:49:56;14.08;100.00;7.79;9.17;596;10.63;14.76;316.21;7.98;0
68-1;12:50:56;14.13;100.00;7.78;9.17;598;8.56;15.22;316.21;7.98;0
68-1;12:51:56;14.18;100.00;7.73;9.11;598;8.56;15.60;316.21;7.98;0
68-1;12:52:56;14.24;100.00;7.72;9.17;597;9.56;15.62;316.21;7.98;0
68-1;12:53:56;14.29;100.00;7.73;9.12;597;9.56;15.96;316.09;7.99;0
68-1;12:54:56;14.35;100.00;7.75;9.10;597;9.56;14.99;315.47;8.06;0
68-1;12:55:57;14.39;100.00;7.75;9.11;598;8.56;15.21;315.47;8.06;0
68-1;12:56:57;14.45;100.00;7.73;9.15;597;9.56;16.56;315.47;8.06;0
68-1;12:57:57;14.48;100.00;7.74;9.15;598;8.56;14.42;315.47;8.06;0
68-1;12:58:57;14.52;100.00;7.80;9.14;597;9.56;14.21;315.47;8.06;0
68-1;12:59:57;14.57;100.00;7.73;9.09;597;9.56;14.77;315.47;8.06;0
68-1;13:00:57;14.62;100.00;7.82;9.15;597;9.56;15.57;315.47;8.06;0
68-1;13:01:57;14.65;100.00;7.77;9.14;596;10.63;15.11;315.47;8.06;0
68-1;13:02:57;14.70;100.00;7.79;9.09;597;9.56;14.09;315.35;8.07;0
68-1;13:03:57;14.74;100.00;7.79;9.15;597;9.56;15.61;315.23;8.08;0
68-1;13:04:57;14.79;100.00;7.73;9.10;596;10.63;15.62;314.86;8.12;0
68-1;13:05:57;14.84;100.00;7.72;9.11;597;9.56;16.37;314.86;8.12;0
68-1;13:06:57;14.88;100.00;7.74;9.11;597;9.56;15.39;314.86;8.12;0
68-1;13:07:57;14.93;100.00;7.84;9.11;596;10.63;14.25;314.86;8.12;0
68-1;13:08:57;14.96;100.00;7.76;9.12;597;9.56;15.38;314.86;8.12;0
68-1;13:09:57;14.99;100.00;7.78;9.10;597;9.56;15.90;314.86;8.12;0
68-1;13:10:57;15.02;100.00;7.80;9.14;596;10.63;14.22;314.86;8.12;0
68-1;13:11:57;15.04;100.00;7.81;9.15;597;9.56;15.05;314.86;8.12;0
68-1;13:12:57;15.05;100.00;7.73;9.15;597;9.56;16.39;314.86;8.12;0
68-1;13:13:57;15.07;100.00;7.77;9.15;597;9.56;15.74;314.74;8.14;0
68-1;13:14:57;15.10;100.00;7.84;9.13;597;9.56;15.69;314.74;8.14;0
68-1;13:15:57;15.10;100.00;7.85;9.14;597;9.56;14.89;314.61;8.16;0
68-1;13:16:57;15.11;100.00;7.71;9.13;597;9.56;15.83;314.61;8.15;0
68-1;13:17:57;15.13;100.00;7.69;9.13;596;10.63;15.13;314.37;8.17;0
68-1;13:18:57;15.16;100.00;7.69;9.12;596;10.63;15.34;314.25;8.19;0
68-1;13:19:57;15.20;100.00;7.71;9.09;597;9.56;15.42;314.25;8.19;0
68-1;13:20:57;15.25;100.00;7.72;9.12;596;10.63;15.37;314.25;8.19;0
68-1;13:21:57;15.30;100.00;7.82;9.12;596;10.63;16.28;314.25;8.19;0
68-1;13:22:57;15.33;100.00;7.78;9.08;597;9.56;17.01;314.25;8.19;0
68-1;13:23:57;15.36;100.00;7.71;9.14;597;9.56;15.90;314.12;8.20;0
68-1;13:24:57;15.40;100.00;7.72;9.10;596;10.63;15.72;314.12;8.20;0
68-1;13:25:57;15.43;100.00;7.74;9.10;597;9.56;16.07;313.88;8.23;0
68-1;13:26:57;15.47;100.00;7.80;9.11;597;9.56;14.35;313.63;8.25;0
68-1;13:27:57;15.50;100.00;7.86;9.11;597;9.56;15.47;313.63;8.25;0
68-1;13:28:57;15.52;100.00;7.78;9.13;597;9.56;15.61;313.63;8.25;0
68-1;13:29:57;15.57;100.00;7.71;9.10;596;10.63;15.12;313.63;8.25;0
68-1;13:30:57;15.62;100.00;7.72;9.10;596;10.63;15.50;313.63;8.25;0
68-1;13:31:57;15.67;100.00;7.72;9.13;596;10.63;14.59;313.63;8.25;0
68-1;13:32:57;15.71;100.00;7.75;9.12;596;10.63;15.67;313.63;8.25;0
68-1;13:33:57;15.76;100.00;7.95;9.11;597;9.56;15.76;316.25;8.25;0
68-1;13:34:57;15.80;100.00;7.79;9.08;597;9.56;15.54;316.25;8.25;0
68-1;13:35:57;15.83;100.00;7.74;9.18;597;9.56;15.47;316.25;8.25;0
68-1;13:36:57;15.86;100.00;7.74;9.06;597;9.56;16.25;316.12;8.27;0
68-1;13:37:57;15.92;100.00;7.75;9.11;597;9.56;15.68;315.88;8.29;0
68-1;13:38:57;15.97;100.00;7.81;9.08;596;10.63;16.86;315.63;8.32;0
68-1;13:39:57;16.05;100.00;7.83;9.07;597;9.56;15.92;315.63;8.32;0
68-1;13:40:57;16.11;100.00;7.83;9.07;596;10.63;18.04;315.63;8.32;0
68-1;13:41:57;16.20;100.00;7.77;9.05;598;8.56;16.56;315.63;8.32;0
68-1;13:42:57;16.28;100.00;8.12;9.03;596;10.63;16.45;315.63;8.32;0
68-1;13:43:57;16.38;100.00;8.56;9.05;596;10.63;15.30;315.63;8.32;0
68-1;13:44:57;16.48;100.00;8.64;9.04;596;10.63;16.29;315.63;8.32;0
68-1;13:45:57;16.61;100.00;8.47;9.08;597;9.56;18.19;315.63;8.32;0
68-1;13:46:57;16.71;100.00;8.31;9.09;596;10.63;16.80;315.63;8.32;0
68-1;13:47:57;16.82;100.00;8.47;9.10;597;9.56;16.61;315.39;8.34;0
68-1;13:48:57;16.95;100.00;8.90;9.11;597;9.56;16.84;315.14;8.37;0
68-1;13:49:57;17.07;100.00;9.02;9.06;598;8.56;16.13;315.02;8.38;0
68-1;13:50:57;17.18;100.00;9.03;9.07;597;9.56;16.27;315.02;8.38;0
68-1;13:51:57;17.31;100.00;9.09;9.11;598;8.56;15.99;315.02;8.38;0
68-1;13:52:57;17.42;100.00;8.91;9.07;598;8.56;14.85;315.02;8.38;0
68-1;13:53:57;17.55;100.00;8.84;9.04;598;8.56;15.53;315.02;8.38;0
68-1;13:54:57;17.66;99.83;8.81;9.05;598;8.56;15.44;314.77;8.41;0
68-1;13:55:57;17.81;99.21;9.19;9.05;598;8.56;15.07;314.28;8.46;0
68-1;13:56:57;17.95;98.62;9.73;9.07;597;9.56;16.16;314.28;8.46;0
68-1;13:57:57;18.08;98.28;9.86;9.07;597;9.56;17.02;314.28;8.46;0
68-1;13:58:57;18.21;97.81;9.77;9.07;598;8.56;16.39;314.28;8.46;0
68-1;13:59:57;18.31;97.33;9.21;9.05;598;8.56;16.33;313.91;8.50;0
68-1;14:00:57;18.42;96.38;8.87;9.09;598;8.56;16.62;313.79;8.51;0
68-1;14:01:57;18.53;95.96;8.61;9.02;598;8.56;15.61;313.67;8.53;0
68-1;14:02:57;18.66;95.16;8.71;9.01;598;8.56;15.91;313.67;8.53;0
68-1;14:03:57;18.78;94.39;9.39;9.03;597;9.56;17.11;313.55;8.54;0
68-1;14:04:57;18.91;93.12;9.80;9.02;597;9.56;15.41;315.65;8.59;0
68-1;14:05:57;19.03;92.34;9.93;9.03;598;8.56;15.71;315.65;8.59;0
68-1;14:06:57;19.15;91.47;9.91;8.98;598;8.56;16.88;315.65;8.59;0
68-1;14:07:57;19.26;90.52;9.88;9.04;598;8.56;16.82;315.65;8.59;0
68-1;14:08:57;19.36;89.80;9.89;9.01;598;8.56;15.32;315.40;8.62;0
68-1;14:09:57;19.45;89.30;9.70;9.01;598;8.56;16.60;315.03;8.66;0
68-1;14:10:57;19.55;88.88;9.35;9.00;598;8.56;15.20;315.03;8.66;0
68-1;14:11:57;19.61;88.34;8.96;8.98;598;8.56;15.75;315.03;8.66;0
68-1;14:12:57;19.66;87.62;8.70;8.97;598;8.56;18.19;315.03;8.66;0
68-1;14:13:57;19.69;86.24;8.51;9.00;598;8.56;15.97;315.03;8.66;0
68-1;14:14:57;19.70;84.48;8.41;8.96;598;8.56;16.05;315.03;8.66;0
68-1;14:15:57;19.70;83.40;8.35;9.01;598;8.56;15.69;315.03;8.66;0
68-1;14:16:57;19.69;82.35;8.71;8.98;598;8.56;16.71;315.03;8.66;0
68-1;14:17:57;19.69;81.73;9.31;9.00;598;8.56;15.81;315.03;8.66;0
68-1;14:18:57;19.67;80.92;9.44;9.00;598;8.56;15.86;314.66;8.70;0
68-1;14:19:57;19.66;80.61;9.16;8.98;598;8.56;16.52;314.42;8.72;0
68-1;14:20:57;19.62;80.12;8.90;8.96;598;8.56;16.89;314.42;8.72;0
68-1;14:21:57;19.60;79.88;8.66;9.01;597;9.56;15.45;314.54;8.71;0
68-1;14:22:57;19.57;79.99;8.50;8.98;598;8.56;15.92;314.42;8.72;0
68-1;14:23:57;19.54;79.63;8.35;9.00;598;8.56;15.46;314.42;8.72;0
68-1;14:24:57;19.52;78.82;8.29;8.97;598;8.56;17.69;314.42;8.72;0
68-1;14:25:57;19.48;78.32;8.61;8.97;599;7.62;16.89;314.42;8.72;0
68-1;14:26:57;19.45;78.81;8.80;8.99;598;8.56;17.49;314.42;8.72;0
68-1;14:27:57;19.39;78.71;8.60;8.94;598;8.56;16.19;314.42;8.72;0
68-1;14:28:57;19.36;78.64;8.42;8.97;598;8.56;16.83;314.42;8.72;0
68-1;14:29:57;19.31;78.33;8.38;8.97;598;8.56;17.42;314.42;8.72;0
68-1;14:30:57;19.26;77.88;8.29;8.95;598;8.56;16.63;314.42;8.72;0
68-1;14:31:57;19.22;78.61;8.15;8.93;599;7.62;16.00;314.42;8.72;0
68-1;14:32:57;19.17;78.16;8.08;8.94;598;8.56;17.57;314.42;8.72;0
68-1;14:33:57;19.12;76.85;8.02;8.94;598;8.56;16.37;314.54;8.71;0
68-1;14:34:57;19.06;76.41;7.96;8.95;598;8.56;16.62;314.66;8.71;0
68-1;14:35:57;19.03;76.99;7.90;8.96;598;8.56;16.33;314.78;8.68;0
68-1;14:36:57;18.98;77.26;7.89;8.97;597;9.56;15.69;315.03;8.66;0
68-1;14:37:57;18.94;77.66;7.87;8.99;598;8.56;17.01;315.03;8.66;0
68-1;14:38:57;18.90;78.52;7.85;8.99;597;9.56;15.32;315.03;8.66;0
68-1;14:39:57;18.85;78.50;7.84;8.95;598;8.56;17.02;315.03;8.66;0
68-1;14:40:57;18.83;78.31;7.83;8.97;597;9.56;16.99;315.03;8.66;0
68-1;14:41:57;18.82;78.59;7.82;8.93;597;9.56;15.04;315.03;8.66;0
68-1;14:42:57;18.79;79.06;7.87;8.98;597;9.56;16.02;315.03;8.66;0
68-1;14:43:57;18.77;79.64;7.87;9.05;597;9.56;15.97;315.03;8.66;0
68-1;14:44:57;18.76;80.41;7.80;9.06;598;8.56;16.90;315.03;8.66;0
68-1;14:45:57;18.73;80.60;7.80;9.03;598;8.56;16.36;315.03;8.66;0
68-1;14:46:57;18.70;81.15;7.80;9.03;599;7.62;17.03;315.03;8.66;0
68-1;14:47:57;18.67;81.29;7.80;9.02;599;7.62;16.17;315.03;8.66;0
68-1;14:48:57;18.64;80.86;7.80;9.03;598;8.56;17.50;315.03;8.66;0
68-1;14:49:57;18.61;80.69;7.81;9.03;598;8.56;17.19;315.03;8.66;0
68-1;14:50:57;18.57;80.14;7.82;9.01;599;7.62;15.68;315.03;8.66;0
68-1;14:51:57;18.52;79.86;7.81;8.97;598;8.56;16.67;315.52;8.60;0
68-1;14:52:57;18.47;79.67;7.79;8.97;598;8.56;16.39;315.65;8.59;0
68-1;14:53:57;18.44;79.88;7.79;8.99;599;7.62;16.71;315.65;8.59;0
68-1;14:54:57;18.40;80.11;7.86;8.96;598;8.56;16.73;315.65;8.59;0
68-1;14:55:57;18.37;80.64;7.86;8.96;598;8.56;16.36;315.65;8.59;0
68-1;14:56:57;18.33;81.18;7.80;9.01;599;7.62;16.64;315.65;8.59;0
68-1;14:57:57;18.30;80.93;7.79;9.01;598;8.56;16.03;315.65;8.59;0
68-1;14:58:57;18.26;80.91;7.80;8.98;598;8.56;16.12;315.65;8.59;0
68-1;14:59:57;18.21;80.85;7.79;8.97;598;8.56;15.27;315.65;8.59;0
68-1;15:00:57;18.16;80.56;7.79;9.00;598;8.56;16.30;315.65;8.59;0
68-1;15:01:57;18.14;81.20;7.78;9.05;598;8.56;16.44;315.65;8.59;0
68-1;15:02:57;18.10;81.46;7.78;9.00;599;7.62;17.86;315.77;8.58;0
68-1;15:03:57;18.06;81.65;7.76;9.02;598;8.56;15.96;316.14;8.54;0
68-1;15:04:57;18.03;81.43;7.77;9.00;599;7.62;16.11;316.14;8.54;0
68-1;15:05:57;18.02;81.46;7.78;9.00;598;8.56;15.87;316.14;8.54;0
68-1;15:06:57;17.98;81.32;7.78;9.00;598;8.56;14.39;316.26;8.53;0
68-1;15:07:57;17.97;82.08;7.85;9.01;598;8.56;14.91;316.14;8.54;0
68-1;15:08:57;17.95;81.38;7.87;9.05;598;8.56;15.70;316.26;8.53;0
68-1;15:09:57;17.92;81.59;7.78;9.04;598;8.56;16.58;313.67;8.53;0
68-1;15:10:57;17.89;81.44;7.76;9.03;598;8.56;15.74;316.26;8.53;0
68-1;15:11:57;17.88;81.36;7.78;8.99;598;8.56;16.86;316.26;8.53;0
68-1;15:12:57;17.85;81.06;7.80;9.03;599;7.62;16.30;316.26;8.53;0
68-1;15:13:57;17.82;81.96;7.80;9.01;598;8.56;15.95;313.67;8.53;0
68-1;15:14:57;17.77;80.62;7.83;9.03;599;7.62;15.71;313.67;8.53;0
68-1;15:15:57;17.74;80.48;7.81;9.03;598;8.56;16.31;313.67;8.53;0
68-1;15:16:57;17.70;80.24;7.79;8.99;598;8.56;17.01;316.26;8.53;0
68-1;15:17:57;17.65;80.18;7.79;8.99;599;7.62;16.59;313.67;8.53;0
68-1;15:18:57;17.60;80.42;7.82;9.00;598;8.56;15.34;313.67;8.53;0
68-1;15:19:57;17.56;79.65;7.89;9.03;598;8.56;16.17;313.67;8.53;0
68-1;15:20:57;17.51;80.52;7.95;9.01;598;8.56;15.50;313.67;8.53;0
68-1;15:21:57;17.45;80.54;7.79;8.99;599;7.62;17.98;313.79;8.51;0
68-1;15:22:57;17.40;80.59;7.78;9.01;599;7.62;18.10;314.16;8.47;0
68-1;15:23:57;17.36;80.69;7.82;8.99;598;8.56;17.74;314.28;8.46;0
68-1;15:24:57;17.31;80.83;7.82;8.95;599;7.62;15.51;314.28;8.46;0
68-1;15:25:57;17.28;81.43;7.79;8.97;598;8.56;16.84;314.28;8.46;0
68-1;15:26:57;17.23;81.11;7.79;8.99;599;7.62;18.05;314.28;8.46;0
68-1;15:27:57;17.20;81.93;7.78;9.05;599;7.62;16.65;314.28;8.46;0
68-1;15:28:57;17.15;82.15;7.77;9.04;598;8.56;16.65;314.28;8.46;0
68-1;15:29:57;17.12;82.14;7.77;9.01;597;9.56;19.17;314.28;8.46;0
68-1;15:30:57;17.09;81.85;7.78;9.01;598;8.56;17.65;314.28;8.46;0
68-1;15:31:57;17.06;82.22;7.79;9.03;598;8.56;15.71;314.28;8.46;0
68-1;15:32:57;17.03;82.28;7.87;8.96;599;7.62;16.63;314.28;8.46;0
68-1;15:33:57;16.99;82.46;7.84;9.02;598;8.56;16.23;314.28;8.46;0
68-1;15:34:57;16.95;82.89;7.76;9.01;599;7.62;16.73;314.28;8.46;0
68-1;15:35:57;16.92;83.01;7.76;8.99;598;8.56;16.09;314.28;8.46;0
68-1;15:36:57;16.88;83.07;7.78;9.03;599;7.62;16.49;314.28;8.46;0
68-1;15:37:57;16.84;83.08;7.79;9.02;599;7.62;16.31;314.28;8.46;0
68-1;15:38:57;16.80;83.25;7.78;9.02;599;7.62;16.95;314.28;8.46;0
68-1;15:39:57;16.77;83.74;7.80;8.99;598;8.56;15.79;314.28;8.46;0
68-1;15:40:57;16.72;83.79;7.80;9.00;598;8.56;16.08;314.28;8.46;0
68-1;15:41:57;16.69;83.89;7.80;9.01;599;7.62;17.60;314.28;8.46;0
68-1;15:42:57;16.64;83.97;7.80;9.01;598;8.56;18.17;314.89;8.40;0
68-1;15:43:57;16.60;84.18;7.80;9.00;598;8.56;14.77;315.02;8.38;0
68-1;15:44:57;16.55;84.50;7.87;8.96;599;7.62;15.95;315.02;8.38;0
68-1;15:45:57;16.50;84.95;7.87;9.02;599;7.62;16.54;315.02;8.38;0
68-1;15:46:57;16.45;84.92;7.78;8.98;599;7.62;15.10;315.02;8.38;0
68-1;15:47:57;16.41;85.31;7.77;8.98;598;8.56;17.26;315.02;8.38;0
68-1;15:48:57;16.37;85.33;7.78;9.01;598;8.56;16.03;315.02;8.38;0
68-1;15:49:57;16.33;85.60;7.78;8.99;599;7.62;16.82;315.02;8.38;0
68-1;15:50:57;16.28;85.95;7.77;8.96;599;7.62;16.01;315.02;8.38;0
68-1;15:51:57;16.24;86.33;7.77;8.95;598;8.56;16.77;315.02;8.38;0
68-1;15:52:57;16.19;86.55;7.76;8.96;598;8.56;16.38;315.02;8.38;0
68-1;15:53:57;16.15;86.88;7.76;8.98;597;9.56;14.75;315.02;8.38;0
68-1;15:54:57;16.12;87.18;7.78;8.95;598;8.56;16.34;315.14;8.37;0
68-1;15:55:57;16.07;87.51;7.79;8.98;597;9.56;16.74;315.39;8.34;0
68-1;15:56:57;16.03;87.88;7.80;8.98;598;8.56;17.48;315.14;8.36;0
68-1;15:57:57;16.01;88.01;7.90;8.99;597;9.56;16.73;315.39;8.36;0
68-1;15:58:57;15.97;88.23;7.88;8.99;598;8.56;15.48;315.63;8.32;0
68-1;15:59:57;15.93;88.46;7.86;9.00;597;9.56;17.35;315.63;8.32;0
68-1;16:00:57;15.89;88.59;7.84;8.98;597;9.56;16.81;315.51;8.33;0
68-1;16:01:57;15.86;88.83;7.84;9.02;597;9.56;16.58;315.63;8.32;0
68-1;16:02:57;15.83;89.09;7.83;9.00;597;9.56;18.01;315.63;8.32;0
68-1;16:03:57;15.80;89.23;7.83;9.00;597;9.56;16.71;315.63;8.32;0
68-1;16:04:57;15.77;89.37;7.83;8.98;598;8.56;14.88;315.63;8.32;0
68-1;16:05:57;15.75;89.50;7.82;8.95;597;9.56;15.51;315.63;8.32;0
68-1;16:06:57;15.71;89.62;7.82;8.94;598;8.56;17.24;315.63;8.32;0
68-1;16:07:57;15.69;89.75;7.82;8.94;598;8.56;16.16;315.63;8.32;0
68-1;16:08:57;15.66;89.90;7.80;8.96;598;8.56;15.00;315.63;8.32;0
68-1;16:09:57;15.64;90.07;7.73;8.95;597;9.56;15.90;315.63;8.32;0
68-1;16:10:57;15.62;90.53;7.74;9.00;598;8.56;16.13;315.63;8.32;0
68-1;16:11:57;15.60;89.33;7.75;8.98;598;8.56;17.86;315.63;8.32;0
68-1;16:12:57;15.58;90.07;7.76;8.95;598;8.56;15.96;315.63;8.32;0
68-1;16:13:57;15.57;90.50;7.77;8.96;597;9.56;16.71;315.63;8.32;0
68-1;16:14:57;15.55;90.92;7.78;8.96;597;9.56;16.73;315.63;8.32;0
68-1;16:15:57;15.52;91.17;7.79;8.94;597;9.56;15.77;315.63;8.32;0
68-1;16:16:57;15.49;91.43;7.80;8.96;598;8.56;16.00;315.63;8.32;0
68-1;16:17:57;15.48;92.70;7.79;8.99;598;8.56;16.89;315.63;8.32;0
68-1;16:18:57;15.46;91.88;7.77;8.98;599;7.62;16.22;315.63;8.32;0
68-1;16:19:57;15.43;92.18;7.80;8.95;598;8.56;16.48;315.63;8.32;0
68-1;16:20:57;15.41;92.45;7.82;8.97;597;9.56;16.17;315.63;8.32;0
68-1;16:21:57;15.38;92.68;7.82;8.94;597;9.56;16.38;315.63;8.32;0
68-1;16:22:57;15.36;92.93;7.83;8.94;597;9.56;16.40;315.63;8.32;0
68-1;16:23:57;15.33;93.15;7.82;8.96;598;8.56;16.52;315.63;8.32;0
68-1;16:24:57;15.32;93.33;7.81;8.96;598;8.56;17.46;315.63;8.32;0
68-1;16:25:57;15.29;93.56;7.80;8.97;597;9.56;16.04;315.63;8.32;0
68-1;16:26:57;15.26;93.69;7.81;8.99;598;8.56;17.02;315.63;8.32;0
68-1;16:27:57;15.24;93.87;7.80;9.00;598;8.56;17.25;315.88;8.29;0
68-1;16:28:57;15.22;94.03;7.79;9.01;598;8.56;12.68;316.00;8.28;0
68-1;16:29:57;15.19;94.22;7.73;8.98;598;8.56;16.99;316.25;8.25;0
68-1;16:30:57;15.18;94.25;7.76;8.99;597;9.56;16.35;316.25;8.25;0
68-1;16:31:57;15.15;94.73;7.73;9.02;597;9.56;15.78;316.25;8.25;0
68-1;16:32:57;15.13;94.90;7.71;8.98;598;8.56;15.81;316.25;8.25;0
68-1;16:33:57;15.10;94.98;7.71;9.01;597;9.56;16.53;316.25;8.25;0
68-1;16:34:57;15.08;95.21;7.72;9.00;597;9.56;16.72;316.25;8.25;0
68-1;16:35:57;15.06;95.34;7.74;8.98;598;8.56;16.71;316.25;8.25;0
68-1;16:36:57;15.05;95.43;7.76;8.98;598;8.56;14.74;316.25;8.25;0
68-1;16:37:57;15.03;95.98;7.78;8.99;598;8.56;16.23;316.25;8.25;0
68-1;16:38:57;15.01;95.66;7.78;9.03;597;9.56;15.55;316.25;8.25;0
68-1;16:39:57;14.99;95.48;7.81;9.00;598;8.56;15.98;316.25;8.25;0
68-1;16:40:57;14.98;95.65;7.84;9.01;598;8.56;15.95;316.25;8.25;0
68-1;16:41:57;14.95;95.71;7.83;9.00;597;9.56;18.23;316.25;8.25;0
68-1;16:42:57;14.95;95.80;7.82;8.99;597;9.56;16.38;316.25;8.25;0
68-1;16:43:57;14.94;95.90;7.80;9.00;597;9.56;16.25;316.25;8.25;0
68-1;16:44:57;14.92;96.01;7.81;8.99;598;8.56;16.43;316.25;8.25;0
68-1;16:45:57;14.91;96.14;7.81;9.01;598;8.56;15.82;316.25;8.25;0
68-1;16:46:57;14.89;96.28;7.82;9.04;598;8.56;16.32;316.25;8.25;0
68-1;16:47:57;14.88;96.40;7.80;9.00;597;9.56;16.89;316.25;8.25;0
68-1;16:48:57;14.86;96.54;7.73;9.00;598;8.56;15.30;316.25;8.25;0
68-1;16:49:57;14.84;96.69;7.75;9.04;597;9.56;16.83;316.25;8.25;0
68-1;16:50:57;14.83;96.37;7.77;9.02;598;8.56;15.72;316.25;8.25;0
68-1;16:51:57;14.82;96.80;7.79;9.02;597;9.56;15.57;316.25;8.25;0
68-1;16:52:57;14.80;96.70;7.79;9.03;598;8.56;16.05;316.25;8.25;0
68-1;16:53:57;14.78;97.09;7.79;9.02;598;8.56;15.73;316.25;8.25;0
68-1;16:54:57;14.76;97.25;7.80;9.04;598;8.56;18.29;316.25;8.25;0
68-1;16:55:57;14.73;97.39;7.79;9.03;598;8.56;13.95;316.25;8.25;0
68-1;16:56:57;14.72;97.74;7.79;9.04;598;8.56;16.88;316.25;8.25;0
68-1;16:57:57;14.69;97.71;7.79;9.02;599;7.62;15.78;316.25;8.25;0
68-1;16:58:57;14.67;97.89;7.79;9.03;598;8.56;16.90;316.25;8.25;0
68-1;16:59:57;14.65;98.11;7.80;9.01;598;8.56;16.51;316.37;8.24;0
68-1;17:00:57;14.63;98.33;7.80;9.02;598;8.56;14.21;316.25;8.25;0
68-1;17:01:57;14.61;98.43;7.80;9.00;597;9.56;15.59;316.74;8.21;0
68-1;17:02:57;14.58;98.52;7.81;8.99;599;7.62;16.63;316.86;8.19;0
68-1;17:03:57;14.56;98.66;7.80;9.00;598;8.56;15.19;316.74;8.20;0
68-1;17:04:57;14.55;98.74;7.79;9.00;598;8.56;16.25;316.86;8.19;0
68-1;17:05:57;14.53;98.74;7.79;8.98;597;9.56;16.05;316.86;8.19;0
68-1;17:06:57;14.52;98.87;7.80;9.04;598;8.56;16.39;316.86;8.19;0
68-1;17:07:57;14.50;98.96;7.80;9.06;598;8.56;16.30;316.86;8.19;0
68-1;17:08:57;14.48;99.09;7.80;9.05;598;8.56;16.27;316.74;8.20;0
68-1;17:09:57;14.48;99.18;7.79;9.03;598;8.56;16.26;316.86;8.19;0
68-1;17:10:57;14.47;99.21;7.79;9.04;598;8.56;16.60;316.86;8.19;0
68-1;17:11:57;14.46;99.25;7.79;9.04;598;8.56;16.38;316.86;8.19;0
68-1;17:12:57;14.45;99.15;7.79;9.02;598;8.56;15.56;316.86;8.19;0
68-1;17:13:57;14.43;99.18;7.73;9.01;598;8.56;15.69;316.86;8.19;0
68-1;17:14:57;14.43;99.28;7.73;9.05;598;8.56;16.17;316.86;8.19;0
68-1;17:15:57;14.42;99.31;7.72;9.02;599;7.62;15.92;316.86;8.19;0
68-1;17:16:57;14.42;99.45;7.72;9.01;598;8.56;16.41;316.86;8.19;0
68-1;17:17:57;14.41;99.84;7.73;9.03;598;8.56;15.97;316.86;8.19;0
68-1;17:18:57;14.39;99.74;7.73;9.04;598;8.56;16.58;316.86;8.19;0
68-1;17:19:57;14.39;99.78;7.74;9.02;598;8.56;16.12;316.86;8.19;0
68-1;17:20:57;14.39;99.90;7.74;9.04;598;8.56;16.29;316.86;8.19;0
68-1;17:21:57;14.38;100.00;7.74;9.04;598;8.56;17.01;316.86;8.19;0
68-1;17:22:57;14.37;100.00;7.75;9.00;598;8.56;16.36;316.86;8.19;0
68-1;17:23:57;14.38;100.00;7.80;9.03;598;8.56;17.80;316.86;8.19;0
68-1;17:24:57;14.38;100.00;7.85;9.04;598;8.56;15.82;316.86;8.19;0
68-1;17:25:57;14.37;100.00;7.80;9.06;598;8.56;15.74;316.86;8.19;0
68-1;17:26:57;14.37;100.00;7.81;9.07;598;8.56;14.99;316.86;8.19;0
68-1;17:27:57;14.36;100.00;7.79;9.09;598;8.56;17.27;316.86;8.19;0
68-1;17:28:57;14.35;100.00;7.79;9.03;598;8.56;16.90;316.86;8.19;0
68-1;17:29:57;14.33;100.00;7.78;9.08;598;8.56;15.78;316.86;8.19;0
68-1;17:30:57;14.33;100.00;7.78;9.05;598;8.56;16.98;316.86;8.19;0
68-1;17:31:57;14.31;100.00;7.80;9.03;598;8.56;16.88;316.86;8.19;0
68-1;17:32:57;14.28;100.00;7.76;9.01;598;8.56;15.70;316.86;8.19;0
68-1;17:33:57;14.28;100.00;7.76;9.08;599;7.62;14.69;316.86;8.19;0
68-1;17:34:57;14.26;100.00;7.76;9.06;598;8.56;16.10;316.86;8.19;0
68-1;17:35:57;14.24;100.00;7.76;9.02;598;8.56;15.40;316.86;8.19;0
68-1;17:36:57;14.24;100.00;7.83;9.01;598;8.56;16.76;316.86;8.19;0
68-1;17:37:57;14.23;100.00;7.83;9.07;598;8.56;15.53;316.86;8.19;0
68-1;17:38:57;14.22;100.00;7.83;9.04;598;8.56;15.83;316.86;8.19;0
68-1;17:39:57;14.23;100.00;7.81;9.03;599;7.62;16.63;316.86;8.19;0
68-1;17:40:57;14.21;100.00;7.73;9.04;598;8.56;16.18;316.86;8.19;0
68-1;17:41:57;14.20;100.00;7.72;9.02;598;8.56;16.78;316.86;8.19;0
68-1;17:42:57;14.20;100.00;7.73;9.04;598;8.56;16.55;316.86;8.19;0
68-1;17:43:57;14.21;100.00;7.72;9.03;598;8.56;16.35;316.86;8.19;0
68-1;17:44:57;14.19;100.00;7.73;8.99;599;7.62;15.49;316.86;8.19;0
68-1;17:45:57;14.20;100.00;7.76;9.01;598;8.56;16.72;316.86;8.19;0
68-1;17:46:57;14.21;100.00;7.79;9.05;598;8.56;16.93;316.86;8.19;0
68-1;17:47:57;14.21;100.00;7.79;9.02;597;9.56;17.18;316.86;8.19;0
68-1;17:48:57;14.21;100.00;7.80;9.01;598;8.56;15.13;316.86;8.19;0
68-1;17:49:57;14.20;100.00;7.83;9.03;597;9.56;16.40;316.86;8.19;0
68-1;17:50:57;14.20;100.00;7.83;9.04;598;8.56;14.91;316.86;8.19;0
68-1;17:51:57;14.19;100.00;7.82;9.05;599;7.62;15.59;316.86;8.19;0
68-1;17:52:57;14.18;100.00;7.81;9.03;599;7.62;14.72;316.86;8.19;0
68-1;17:53:57;14.17;100.00;7.80;9.04;599;7.62;15.52;316.86;8.19;0
68-1;17:54:57;14.16;100.00;7.79;9.04;598;8.56;15.18;316.86;8.19;0
68-1;17:55:57;14.15;100.00;7.79;9.02;599;7.62;14.88;316.86;8.19;0
68-1;17:56:57;14.13;100.00;7.79;9.01;598;8.56;14.97;316.86;8.19;0
68-1;17:57:57;14.12;100.00;7.80;9.00;599;7.62;16.16;316.86;8.19;0
68-1;17:58:57;14.10;100.00;7.81;9.02;598;8.56;15.29;316.86;8.19;0
68-1;17:59:57;14.09;100.00;7.83;9.03;598;8.56;15.46;316.86;8.19;0
68-1;18:00:57;14.08;100.00;7.80;9.00;598;8.56;16.13;316.86;8.19;0
68-1;18:01:57;14.07;100.00;7.75;9.01;598;8.56;15.70;316.86;8.19;0
68-1;18:02:57;14.06;100.00;7.80;9.03;598;8.56;15.69;316.86;8.19;0
68-1;18:03:57;14.05;100.00;7.81;9.05;599;7.62;14.54;316.86;8.19;0
68-1;18:04:57;14.04;100.00;7.81;9.05;599;7.62;15.94;316.86;8.19;0
68-1;18:05:57;14.03;100.00;7.82;9.05;599;7.62;15.00;316.86;8.19;0
68-1;18:06:57;14.03;100.00;7.78;9.05;598;8.56;15.18;316.86;8.19;0
68-1;18:07:57;14.01;100.00;7.78;9.05;598;8.56;14.68;316.86;8.19;0
68-1;18:08:57;14.00;100.00;7.78;8.99;598;8.56;15.44;316.86;8.19;0
68-1;18:09:57;13.99;100.00;7.78;9.04;599;7.62;15.93;316.86;8.19;0
68-1;18:10:57;13.98;100.00;7.80;9.02;599;7.62;16.36;316.86;8.19;0
68-1;18:11:57;13.97;100.00;7.82;9.06;599;7.62;15.11;316.86;8.19;0
68-1;18:12:57;13.94;100.00;7.80;9.02;598;8.56;14.06;316.86;8.19;0
68-1;18:13:57;13.94;100.00;7.80;9.08;599;7.62;14.44;316.86;8.19;0
68-1;18:14:57;13.93;100.00;7.80;9.09;599;7.62;17.07;316.86;8.19;0
68-1;18:15:57;13.91;100.00;7.80;9.06;598;8.56;15.59;316.86;8.19;0
68-1;18:16:57;13.90;100.00;7.80;9.10;599;7.62;15.71;316.86;8.19;0
68-1;18:17:57;13.87;100.00;7.80;9.07;599;7.62;15.41;316.99;8.17;0
68-1;18:18:57;13.86;100.00;7.81;9.05;598;8.56;14.07;316.86;8.19;0
68-1;18:19:57;13.85;100.00;7.80;9.02;598;8.56;14.81;316.86;8.19;0
68-1;18:20:57;13.82;100.00;7.81;9.02;599;7.62;14.49;316.86;8.17;0
68-1;18:21:57;13.80;100.00;7.80;9.03;598;8.56;14.76;316.86;8.19;0
68-1;18:22:57;13.79;100.00;7.81;9.00;598;8.56;15.84;316.99;8.17;0
68-1;18:23:57;13.77;100.00;7.81;9.01;599;7.62;15.93;317.23;8.15;0
68-1;18:24:57;13.74;100.00;7.80;9.01;599;7.62;14.07;317.23;8.15;0
68-1;18:25:57;13.71;100.00;7.80;9.03;599;7.62;14.37;317.48;8.12;0
68-1;18:26:57;13.70;100.00;7.79;9.01;598;8.56;15.10;317.48;8.12;0
68-1;18:27:57;13.67;100.00;7.80;9.03;599;7.62;14.66;317.36;8.14;0
68-1;18:28:57;13.65;100.00;7.81;9.02;599;7.62;16.94;317.48;8.12;0
68-1;18:29:57;13.64;100.00;7.82;9.03;599;7.62;14.71;317.48;8.12;0
68-1;18:30:57;13.61;100.00;7.82;8.99;598;8.56;15.41;317.48;8.12;0
68-1;18:31:57;13.59;100.00;7.81;9.01;599;7.62;15.72;317.48;8.12;0
68-1;18:32:57;13.58;100.00;7.82;9.02;599;7.62;16.22;317.48;8.12;0
68-1;18:33:57;13.57;100.00;7.82;9.00;599;7.62;14.06;317.48;8.12;0
68-1;18:34:57;13.54;100.00;7.81;9.00;599;7.62;15.62;317.48;8.12;0
68-1;18:35:57;13.54;100.00;7.81;9.04;599;7.62;15.50;317.48;8.12;0
68-1;18:36:57;13.52;100.00;7.81;9.04;599;7.62;17.28;317.48;8.12;0
68-1;18:37:57;13.51;100.00;7.81;9.01;598;8.56;14.63;317.48;8.12;0
68-1;18:38:57;13.50;100.00;7.81;9.01;599;7.62;14.84;314.86;8.12;0
68-1;18:39:57;13.47;100.00;7.81;9.04;599;7.62;14.56;314.86;8.12;0
68-1;18:40:57;13.45;100.00;7.81;9.04;599;7.62;14.41;314.86;8.12;0
68-1;18:41:57;13.44;100.00;7.81;9.01;599;7.62;16.59;314.86;8.12;0
68-1;18:42:57;13.43;100.00;7.80;9.04;599;7.62;15.73;314.86;8.12;0
68-1;18:43:57;13.41;100.00;7.80;9.05;600;6.74;16.08;314.86;8.12;0
68-1;18:44:57;13.38;100.00;7.80;9.05;599;7.62;15.80;314.86;8.12;0
68-1;18:45:57;13.37;100.00;7.81;9.05;598;8.56;15.66;314.86;8.12;0
68-1;18:46:57;13.36;100.00;7.81;9.03;599;7.62;17.70;314.86;8.12;0
68-1;18:47:57;13.33;100.00;7.81;9.02;599;7.62;16.85;314.86;8.12;0
68-1;18:48:57;13.31;100.00;7.80;9.02;600;6.74;16.23;314.86;8.12;0
68-1;18:49:57;13.28;100.00;7.81;9.02;600;6.74;15.96;314.86;8.12;0
68-1;18:50:57;13.26;100.00;7.81;9.01;599;7.62;16.85;314.86;8.12;0
68-1;18:51:57;13.26;100.00;7.81;9.00;598;8.56;15.42;314.86;8.12;0
68-1;18:52:57;13.24;100.00;7.80;9.08;598;8.56;15.83;315.10;8.10;0
68-1;18:53:57;13.22;100.00;7.81;9.05;598;8.56;15.87;315.23;8.08;0
68-1;18:54:57;13.21;100.00;7.81;9.02;598;8.56;15.14;315.23;8.10;0
68-1;18:55:57;13.18;100.00;7.80;9.06;599;7.62;15.82;315.35;8.07;0
68-1;18:56:57;13.18;100.00;7.80;9.05;598;8.56;18.14;315.35;8.07;0
68-1;18:57:57;13.16;100.00;7.81;9.02;599;7.62;16.53;315.35;8.07;0
68-1;18:58:57;13.13;100.00;7.80;9.03;598;8.56;16.66;315.35;8.07;0
68-1;18:59:57;13.12;100.00;7.81;9.03;599;7.62;15.73;315.47;8.06;0
68-1;19:00:57;13.10;100.00;7.81;9.05;597;9.56;16.50;315.47;8.06;0
68-1;19:01:57;13.09;100.00;7.80;9.05;598;8.56;15.44;315.47;8.06;0
68-1;19:02:57;13.07;100.00;7.81;9.08;598;8.56;15.75;315.47;8.06;0
68-1;19:03:57;13.06;100.00;7.80;9.02;598;8.56;15.61;315.47;8.06;0
68-1;19:04:57;13.04;100.00;7.80;9.07;597;9.56;15.37;315.47;8.06;0
68-1;19:05:57;13.03;100.00;7.80;9.04;598;8.56;16.02;315.47;8.06;0
68-1;19:06:57;13.03;100.00;7.80;9.07;598;8.56;17.77;315.47;8.06;0
68-1;19:07:57;13.01;100.00;7.80;9.04;598;8.56;16.25;315.47;8.06;0
68-1;19:08:57;13.00;100.00;7.80;9.07;597;9.56;16.38;315.47;8.06;0
68-1;19:09:57;12.98;100.00;7.80;9.02;597;9.56;15.92;315.47;8.06;0
68-1;19:10:57;12.98;100.00;7.80;9.04;598;8.56;15.15;315.47;8.06;0
68-1;19:11:57;12.95;100.00;7.80;9.01;598;8.56;15.96;315.47;8.06;0
68-1;19:12:57;12.95;100.00;7.79;9.03;598;8.56;16.39;315.47;8.06;0
68-1;19:13:57;12.92;100.00;7.79;9.06;598;8.56;16.00;315.47;8.06;0
68-1;19:14:57;12.91;100.00;7.81;9.05;597;9.56;16.47;315.47;8.06;0
68-1;19:15:57;12.91;100.00;7.81;9.01;598;8.56;17.12;315.47;8.06;0
68-1;19:16:57;12.89;100.00;7.81;9.05;598;8.56;15.78;315.47;8.06;0
68-1;19:17:57;12.89;100.00;7.80;9.05;598;8.56;15.86;315.47;8.06;0
68-1;19:18:57;12.87;100.00;7.82;9.03;598;8.56;16.78;315.47;8.06;0
68-1;19:19:57;12.87;100.00;7.82;9.05;599;7.62;16.83;315.47;8.06;0
68-1;19:20:57;12.85;100.00;7.84;9.07;598;8.56;15.87;315.47;8.06;0
68-1;19:21:57;12.85;100.00;7.84;9.09;598;8.56;15.88;315.47;8.06;0
68-1;19:22:57;12.84;100.00;7.84;9.06;598;8.56;17.08;315.47;8.06;0
68-1;19:23:57;12.82;100.00;7.83;9.04;598;8.56;16.78;315.47;8.06;0
68-1;19:24:57;12.81;100.00;7.83;9.06;598;8.56;17.17;315.47;8.06;0
68-1;19:25:57;12.80;100.00;7.83;9.05;598;8.56;17.45;315.47;8.06;0
68-1;19:26:57;12.79;100.00;7.83;9.02;599;7.62;16.49;315.47;8.06;0
68-1;19:27:57;12.78;100.00;7.84;9.03;598;8.56;14.97;315.47;8.06;0
68-1;19:28:57;12.76;100.00;7.84;9.06;599;7.62;15.64;315.47;8.06;0
68-1;19:29:57;12.75;100.00;7.84;9.07;598;8.56;15.71;315.47;8.06;0
68-1;19:30:57;12.74;100.00;7.84;9.06;598;8.56;15.31;315.47;8.06;0
68-1;19:31:57;12.72;100.00;7.85;9.06;598;8.56;16.11;315.47;8.06;0
68-1;19:32:57;12.72;100.00;7.86;9.03;599;7.62;16.92;315.47;8.06;0
68-1;19:33:57;12.71;100.00;7.84;9.01;598;8.56;16.53;315.47;8.06;0
68-1;19:34:57;12.70;100.00;7.82;9.05;598;8.56;16.26;315.60;8.05;0
68-1;19:35:57;12.68;100.00;7.82;9.06;598;8.56;16.12;315.84;8.01;0
68-1;19:36:57;12.68;100.00;7.80;9.03;598;8.56;17.29;315.96;8.01;0
68-1;19:37:57;12.67;100.00;7.80;9.03;599;7.62;17.66;316.21;7.98;0
68-1;19:38:57;12.64;100.00;7.80;9.01;598;8.56;15.32;316.21;7.98;0
68-1;19:39:57;12.63;100.00;7.80;9.05;598;8.56;16.89;316.09;7.99;0
68-1;19:40:57;12.62;100.00;7.82;9.01;599;7.62;16.91;316.21;7.98;0
68-1;19:41:57;12.60;100.00;7.83;9.05;598;8.56;16.23;316.09;7.99;0
68-1;19:42:57;12.60;100.00;7.83;9.04;599;7.62;15.67;316.21;7.98;0
68-1;19:43:57;12.58;100.00;7.84;9.05;599;7.62;17.84;316.21;7.98;0
68-1;19:44:57;12.57;100.00;7.84;9.05;599;7.62;16.54;316.09;7.99;0
68-1;19:45:57;12.55;100.00;7.84;9.03;599;7.62;15.78;316.21;7.98;0
68-1;19:46:57;12.55;100.00;7.83;9.05;599;7.62;16.04;316.21;7.98;0
68-1;19:47:57;12.53;100.00;7.83;9.09;598;8.56;15.34;316.21;7.98;0
68-1;19:48:57;12.52;100.00;7.84;9.06;599;7.62;15.32;316.21;7.98;0
68-1;19:49:57;12.50;100.00;7.85;9.03;599;7.62;15.20;316.21;7.98;0
68-1;19:50:57;12.49;100.00;7.87;9.02;599;7.62;16.20;316.21;7.98;0
68-1;19:51:57;12.48;100.00;7.88;9.08;599;7.62;15.78;316.21;7.98;0
68-1;19:52:57;12.46;100.00;7.91;9.04;598;8.56;17.51;316.21;7.98;0
68-1;19:53:57;12.45;100.00;7.91;9.08;599;7.62;16.62;316.21;7.98;0
68-1;19:54:57;12.44;100.00;7.91;9.04;599;7.62;16.60;316.21;7.98;0
68-1;19:55:57;12.43;100.00;7.89;8.99;599;7.62;17.27;316.21;7.98;0
68-1;19:56:57;12.41;100.00;7.87;9.03;598;8.56;17.19;316.21;7.98;0
68-1;19:57:57;12.40;100.00;7.87;9.06;598;8.56;15.26;316.21;7.98;0
68-1;19:58:57;12.39;100.00;7.88;9.03;599;7.62;16.46;316.21;7.98;0
68-1;19:59:57;12.38;100.00;7.89;9.05;599;7.62;16.07;316.21;7.98;0
68-1;20:00:57;12.37;100.00;7.89;9.03;599;7.62;14.72;316.21;7.98;0
68-1;20:01:57;12.36;100.00;7.90;9.08;599;7.62;15.01;316.21;7.98;0
68-1;20:02:57;12.35;100.00;7.89;9.05;598;8.56;14.39;316.21;7.98;0
68-1;20:03:57;12.33;100.00;7.91;9.06;599;7.62;15.96;316.21;7.98;0
68-1;20:04:57;12.31;100.00;7.91;9.02;598;8.56;16.39;316.21;7.98;0
68-1;20:05:57;12.30;100.00;7.92;9.01;599;7.62;16.45;316.21;7.98;0
68-1;20:06:57;12.30;100.00;7.92;9.02;599;7.62;14.84;316.21;7.98;0
68-1;20:07:57;12.28;100.00;7.92;9.03;598;8.56;15.87;316.21;7.98;0
68-1;20:08:57;12.27;100.00;7.93;9.02;599;7.62;14.90;316.21;7.98;0
68-1;20:09:57;12.27;100.00;7.94;9.00;599;7.62;17.38;316.21;7.98;0
68-1;20:10:57;12.25;100.00;7.94;9.02;599;7.62;17.72;316.21;7.98;0
68-1;20:11:57;12.25;100.00;7.93;9.07;599;7.62;16.16;316.21;7.98;0
68-1;20:12:57;12.24;100.00;7.93;9.05;598;8.56;15.95;316.21;7.98;0
68-1;20:13:57;12.23;100.00;7.93;9.05;599;7.62;16.27;316.21;7.98;0
68-1;20:14:57;12.22;100.00;7.92;9.03;599;7.62;17.07;316.21;7.98;0
68-1;20:15:57;12.22;100.00;7.91;9.02;598;8.56;15.65;316.21;7.98;0
68-1;20:16:57;12.20;100.00;7.91;9.01;598;8.56;16.66;316.46;7.96;0
68-1;20:17:57;12.18;100.00;7.91;9.03;599;7.62;16.03;316.58;7.94;0
68-1;20:18:57;12.17;100.00;7.91;9.06;599;7.62;14.99;316.33;7.97;0
68-1;20:19:57;12.16;100.00;7.91;9.05;598;8.56;16.17;316.46;7.97;0
68-1;20:20:57;12.15;100.00;7.91;9.02;599;7.62;16.11;316.46;7.97;0
68-1;20:21:57;12.14;100.00;7.91;9.03;599;7.62;17.59;316.58;7.94;0
68-1;20:22:57;12.12;100.00;7.91;9.04;599;7.62;16.77;316.83;7.92;0
68-1;20:23:57;12.13;100.00;7.92;9.05;599;7.62;16.23;316.83;7.92;0
68-1;20:24:57;12.11;100.00;7.92;9.04;599;7.62;16.65;316.83;7.92;0
68-1;20:25:57;12.10;100.00;7.92;9.02;599;7.62;16.96;316.83;7.92;0
68-1;20:26:57;12.08;100.00;7.93;9.06;599;7.62;17.04;316.83;7.92;0
68-1;20:27:57;12.07;100.00;7.92;9.07;599;7.62;17.62;316.83;7.92;0
68-1;20:28:57;12.06;100.00;7.92;9.06;599;7.62;15.95;316.83;7.92;0
68-1;20:29:57;12.04;100.00;7.92;9.04;599;7.62;16.19;316.83;7.92;0
68-1;20:30:57;12.03;100.00;7.92;9.06;599;7.62;15.94;316.83;7.92;0
68-1;20:31:57;12.02;100.00;7.92;9.07;598;8.56;17.24;316.83;7.92;0
68-1;20:32:57;12.00;100.00;7.91;9.05;598;8.56;16.88;316.83;7.92;0
68-1;20:33:57;12.00;100.00;7.92;9.06;598;8.56;15.90;316.83;7.92;0
68-1;20:34:57;11.98;100.00;7.91;9.06;599;7.62;15.23;316.83;7.92;0
68-1;20:35:57;11.97;100.00;7.91;9.05;599;7.62;14.97;316.83;7.92;0
68-1;20:36:57;11.95;100.00;7.91;9.13;599;7.62;15.63;316.83;7.92;0
68-1;20:37:57;11.95;100.00;7.91;9.06;599;7.62;16.27;316.83;7.92;0
68-1;20:38:57;11.93;100.00;7.91;9.02;599;7.62;16.57;316.83;7.92;0
68-1;20:39:57;11.92;100.00;7.91;9.09;599;7.62;15.70;316.83;7.92;0
68-1;20:40:57;11.91;100.00;7.91;9.06;599;7.62;16.73;316.83;7.92;0
68-1;20:41:57;11.90;100.00;7.91;9.09;599;7.62;14.39;316.83;7.92;0
68-1;20:42:57;11.89;100.00;7.91;9.11;598;8.56;17.18;316.83;7.92;0
68-1;20:43:57;11.87;100.00;7.91;9.13;599;7.62;15.57;316.83;7.92;0
68-1;20:44:57;11.87;100.00;7.91;9.08;599;7.62;16.49;316.83;7.92;0
68-1;20:45:57;11.85;100.00;7.91;9.06;599;7.62;16.62;316.83;7.92;0
68-1;20:46:57;11.84;100.00;7.91;9.09;599;7.62;16.69;316.83;7.92;0
68-1;20:47:57;11.83;100.00;7.90;9.06;598;8.56;16.84;316.83;7.92;0
68-1;20:48:57;11.81;100.00;7.91;9.07;599;7.62;16.18;316.83;7.92;0
68-1;20:49:57;11.80;100.00;7.91;9.06;599;7.62;16.13;316.83;7.92;0
68-1;20:50:57;11.80;100.00;7.91;9.07;599;7.62;14.96;316.83;7.92;0
68-1;20:51:57;11.79;100.00;7.90;9.04;599;7.62;15.88;316.83;7.92;0
68-1;20:52:57;11.79;100.00;7.90;9.05;599;7.62;15.20;316.83;7.92;0
68-1;20:53:57;11.77;100.00;7.90;9.03;599;7.62;17.55;316.83;7.92;0
68-1;20:54:57;11.76;100.00;7.90;9.07;599;7.62;17.15;316.83;7.92;0
68-1;20:55:57;11.77;100.00;7.90;9.05;598;8.56;16.34;316.83;7.92;0
68-1;20:56:57;11.75;100.00;7.89;9.03;599;7.62;15.33;316.83;7.92;0
68-1;20:57:57;11.73;100.00;7.89;9.07;599;7.62;18.10;316.83;7.92;0
68-1;20:58:57;11.73;100.00;7.88;9.06;598;8.56;15.81;316.95;7.90;0
68-1;20:59:57;11.72;100.00;7.89;9.06;599;7.62;16.74;317.07;7.90;0
68-1;21:00:57;11.71;100.00;7.89;9.08;599;7.62;19.82;316.83;7.92;0
68-1;21:01:57;11.70;100.00;7.88;9.06;599;7.62;16.49;317.44;7.85;0
68-1;21:02:57;11.71;100.00;7.88;9.10;599;7.62;17.36;317.44;7.85;0
68-1;21:03:57;11.69;100.00;7.88;9.08;598;8.56;17.31;317.44;7.85;0
68-1;21:04:57;11.68;100.00;7.88;9.09;599;7.62;18.21;317.44;7.87;0
68-1;21:05:57;11.68;100.00;7.88;9.08;599;7.62;16.36;317.32;7.87;0
68-1;21:06:57;11.66;100.00;7.88;9.08;599;7.62;17.78;317.44;7.85;0
68-1;21:07:57;11.66;100.00;7.88;9.07;599;7.62;17.46;317.44;7.85;0
68-1;21:08:57;11.66;100.00;7.88;9.10;599;7.62;16.08;317.44;7.85;0
68-1;21:09:57;11.64;100.00;7.88;9.06;599;7.62;17.36;317.44;7.85;0
68-1;21:10:57;11.62;100.00;7.89;9.09;599;7.62;18.44;317.44;7.85;0
68-1;21:11:57;11.61;100.00;7.89;9.08;599;7.62;15.78;317.44;7.85;0
68-1;21:12:57;11.59;100.00;7.89;9.12;599;7.62;16.29;317.44;7.85;0
68-1;21:13:57;11.58;100.00;7.89;9.05;599;7.62;16.79;317.44;7.85;0
68-1;21:14:57;11.57;100.00;7.88;9.11;600;6.74;15.71;317.44;7.85;0
68-1;21:15:57;11.56;100.00;7.89;9.08;599;7.62;15.30;317.44;7.85;0
68-1;21:16:57;11.55;100.00;7.89;9.07;599;7.62;16.16;317.44;7.85;0
68-1;21:17:57;11.53;100.00;7.88;9.13;600;6.74;16.38;317.44;7.85;0
68-1;21:18:57;11.52;100.00;7.88;9.10;599;7.62;16.29;317.44;7.85;0
68-1;21:19:57;11.51;100.00;7.89;9.07;599;7.62;15.56;317.44;7.85;0
68-1;21:20:57;11.50;100.00;7.89;9.09;600;6.74;14.98;317.44;7.85;0
68-1;21:21:57;11.49;100.00;7.89;9.07;599;7.62;15.43;317.44;7.85;0
68-1;21:22:57;11.47;100.00;7.89;9.06;599;7.62;15.35;317.44;7.85;0
68-1;21:23:57;11.46;100.00;7.88;9.07;598;8.56;15.49;317.44;7.85;0
68-1;21:24:57;11.45;100.00;7.88;9.08;599;7.62;15.75;317.44;7.85;0
68-1;21:25:57;11.43;100.00;7.88;9.09;599;7.62;17.04;317.44;7.85;0
68-1;21:26:57;11.43;100.00;7.88;9.10;598;8.56;16.04;317.44;7.85;0
68-1;21:27:57;11.42;100.00;7.88;9.08;598;8.56;16.60;317.44;7.85;0
68-1;21:28:57;11.40;100.00;7.88;9.11;598;8.56;15.79;317.57;7.84;0
68-1;21:29:57;11.39;100.00;7.88;9.06;598;8.56;15.23;317.44;7.85;0
68-1;21:30:57;11.38;100.00;7.88;9.08;598;8.56;15.96;317.57;7.84;0
68-1;21:31:57;11.36;100.00;7.88;9.07;598;8.56;16.16;317.44;7.85;0
68-1;21:32:57;11.35;100.00;7.88;9.07;598;8.56;16.07;317.82;7.80;0
68-1;21:33:57;11.35;100.00;7.88;9.08;598;8.56;16.38;317.94;7.81;0
68-1;21:34:57;11.34;100.00;7.88;9.07;598;8.56;16.03;318.06;7.79;0
68-1;21:35:57;11.32;100.00;7.88;9.07;598;8.56;16.24;318.06;7.79;0
68-1;21:36:57;11.32;100.00;7.88;9.06;598;8.56;16.83;317.94;7.80;0
68-1;21:37:57;11.30;100.00;7.88;9.06;598;8.56;15.52;318.06;7.79;0
68-1;21:38:57;11.28;100.00;7.88;9.05;598;8.56;16.62;318.06;7.79;0
68-1;21:39:57;11.26;100.00;7.88;9.08;599;7.62;15.52;318.06;7.79;0
68-1;21:40:57;11.26;100.00;7.88;9.08;598;8.56;16.90;318.06;7.79;0
68-1;21:41:57;11.25;100.00;7.88;9.09;598;8.56;17.34;318.06;7.79;0
68-1;21:42:57;11.23;100.00;7.88;9.10;598;8.56;15.72;318.06;7.79;0
68-1;21:43:57;11.21;100.00;7.87;9.08;598;8.56;15.41;318.06;7.79;0
68-1;21:44:57;11.19;100.00;7.88;9.09;598;8.56;15.67;318.06;7.79;0
68-1;21:45:57;11.18;100.00;7.88;9.13;598;8.56;15.48;318.06;7.79;0
68-1;21:46:57;11.17;100.00;7.88;9.08;598;8.56;15.28;318.06;7.79;0
68-1;21:47:57;11.14;100.00;7.88;9.05;599;7.62;14.56;318.06;7.79;0
68-1;21:48:57;11.14;100.00;7.87;9.11;598;8.56;14.91;318.06;7.79;0
68-1;21:49:57;11.12;100.00;7.88;9.10;599;7.62;16.92;318.06;7.79;0
68-1;21:50:57;11.10;100.00;7.87;9.07;599;7.62;16.23;318.06;7.79;0
68-1;21:51:57;11.09;100.00;7.87;9.07;598;8.56;15.97;318.06;7.79;0
68-1;21:52:57;11.06;100.00;7.87;9.06;599;7.62;14.71;318.06;7.79;0
68-1;21:53:57;11.05;100.00;7.87;9.08;599;7.62;15.80;318.06;7.79;0
68-1;21:54:57;11.03;100.00;7.87;9.07;599;7.62;14.98;318.06;7.79;0
68-1;21:55:57;11.01;100.00;7.87;9.07;598;8.56;15.15;318.06;7.79;0
68-1;21:56:57;10.98;100.00;7.87;9.07;599;7.62;17.02;318.06;7.79;0
68-1;21:57:57;10.97;100.00;7.87;9.06;599;7.62;15.38;318.06;7.79;0
68-1;21:58:57;10.95;100.00;7.87;9.08;599;7.62;14.24;318.31;7.76;0
68-1;21:59:57;10.92;100.00;7.87;9.08;599;7.62;15.51;318.44;7.75;0
68-1;22:00:57;10.91;100.00;7.86;9.08;598;8.56;15.97;318.56;7.74;0
68-1;22:01:57;10.90;100.00;7.87;9.10;599;7.62;14.20;318.19;7.78;0
68-1;22:02:57;10.86;100.00;7.87;9.07;598;8.56;16.76;318.68;7.73;0
68-1;22:03:57;10.85;100.00;7.86;9.08;598;8.56;15.50;318.68;7.73;0
68-1;22:04:57;10.84;100.00;7.86;9.07;599;7.62;15.48;318.68;7.73;0
68-1;22:05:57;10.82;100.00;7.86;9.09;599;7.62;14.99;318.68;7.73;0
68-1;22:06:57;10.80;100.00;7.86;9.06;599;7.62;14.00;318.68;7.73;0
68-1;22:07:57;10.79;100.00;7.86;9.08;598;8.56;15.08;318.68;7.73;0
68-1;22:08:57;10.77;100.00;7.86;9.13;598;8.56;15.12;318.68;7.73;0
68-1;22:09:57;10.74;100.00;7.86;9.08;599;7.62;15.42;318.68;7.73;0
68-1;22:10:57;10.71;100.00;7.86;9.06;598;8.56;15.53;318.68;7.73;0
68-1;22:11:57;10.70;100.00;7.86;9.10;598;8.56;14.90;318.68;7.73;0
68-1;22:12:57;10.68;100.00;7.86;9.05;599;7.62;16.46;318.68;7.73;0
68-1;22:13:57;10.67;100.00;7.86;9.05;599;7.62;14.06;318.68;7.73;0
68-1;22:14:57;10.64;100.00;7.86;9.05;598;8.56;16.25;318.68;7.73;0
68-1;22:15:57;10.63;100.00;7.86;9.08;598;8.56;14.37;318.68;7.73;0
68-1;22:16:57;10.60;100.00;7.85;9.05;599;7.62;14.83;318.68;7.73;0
68-1;22:17:57;10.59;100.00;7.86;9.06;598;8.56;15.98;318.68;7.73;0
68-1;22:18:57;10.57;100.00;7.86;9.05;598;8.56;15.49;318.93;7.70;0
68-1;22:19:57;10.55;100.00;7.86;9.04;599;7.62;15.64;318.81;7.71;0
68-1;22:20:57;10.53;100.00;7.86;9.03;599;7.62;15.04;319.30;7.66;0
68-1;22:21:57;10.51;100.00;7.86;9.10;599;7.62;15.87;319.18;7.67;0
68-1;22:22:57;10.50;100.00;7.86;9.11;599;7.62;15.26;319.43;7.65;0
68-1;22:23:57;10.49;100.00;7.85;9.09;599;7.62;16.06;319.43;7.65;0
68-1;22:24:57;10.47;100.00;7.85;9.03;598;8.56;14.86;319.43;7.65;0
68-1;22:25:57;10.46;100.00;7.85;9.12;599;7.62;15.39;319.43;7.65;0
68-1;22:26:57;10.44;100.00;7.85;9.07;599;7.62;16.23;319.43;7.65;0
68-1;22:27:57;10.42;100.00;7.85;9.08;599;7.62;17.38;319.43;7.65;0
68-1;22:28:57;10.41;100.00;7.86;9.09;599;7.62;14.23;319.43;7.65;0
68-1;22:29:57;10.39;100.00;7.85;9.09;599;7.62;16.96;319.43;7.65;0
68-1;22:30:57;10.39;100.00;7.86;9.05;598;8.56;14.37;319.43;7.65;0
68-1;22:31:57;10.35;100.00;7.85;9.03;599;7.62;14.08;319.43;7.65;0
68-1;22:32:57;10.35;100.00;7.86;9.10;598;8.56;15.68;319.43;7.65;0
68-1;22:33:57;10.34;100.00;7.85;9.07;599;7.62;13.40;319.43;7.65;0
68-1;22:34:57;10.32;100.00;7.86;9.12;599;7.62;15.36;319.43;7.65;0
68-1;22:35:57;10.31;100.00;7.86;9.10;598;8.56;14.98;319.43;7.65;0
68-1;22:36:57;10.30;100.00;7.86;9.07;599;7.62;14.66;319.43;7.65;0
68-1;22:37:57;10.28;100.00;7.85;9.14;599;7.62;15.36;319.43;7.65;0
68-1;22:38:57;10.27;100.00;7.85;9.09;599;7.62;14.96;319.43;7.65;0
68-1;22:39:57;10.27;100.00;7.85;9.13;599;7.62;13.89;319.43;7.65;0
68-1;22:40:57;10.24;100.00;7.86;9.01;598;8.56;14.91;319.43;7.65;0
68-1;22:41:57;10.23;100.00;7.85;9.14;599;7.62;15.51;319.43;7.65;0
68-1;22:42:57;10.22;100.00;7.85;9.18;599;7.62;17.09;319.43;7.65;0
68-1;22:43:57;10.21;100.00;7.86;9.13;598;8.56;15.77;316.77;7.65;0
68-1;22:44:57;10.20;100.00;7.86;9.11;598;8.56;14.82;319.43;7.65;0
68-1;22:45:57;10.19;100.00;7.86;9.18;598;8.56;16.07;316.77;7.65;0
68-1;22:46:57;10.18;100.00;7.86;9.16;599;7.62;16.02;316.77;7.65;0
68-1;22:47:57;10.16;100.00;7.86;9.06;599;7.62;16.19;316.77;7.65;0
68-1;22:48:57;10.17;100.00;7.86;9.17;599;7.62;14.72;316.77;7.65;0
68-1;22:49:57;10.16;100.00;7.86;9.16;599;7.62;15.95;316.77;7.65;0
68-1;22:50:57;10.15;100.00;7.86;9.16;598;8.56;14.90;316.77;7.65;0
68-1;22:51:57;10.13;100.00;7.86;9.17;599;7.62;15.75;316.77;7.65;0
68-1;22:52:57;10.13;100.00;7.86;9.06;598;8.56;13.75;316.77;7.65;0
68-1;22:53:57;10.12;100.00;7.86;9.16;599;7.62;13.83;316.77;7.65;0
68-1;22:54:57;10.11;100.00;7.86;9.14;599;7.62;14.38;316.89;7.64;0
68-1;22:55:57;10.10;100.00;7.86;9.12;599;7.62;16.92;317.14;7.61;0
68-1;22:56:57;10.10;100.00;7.86;9.14;599;7.62;14.55;317.39;7.59;0
68-1;22:57:57;10.09;100.00;7.86;9.10;598;8.56;15.08;317.01;7.61;0
68-1;22:58:57;10.08;100.00;7.86;9.13;599;7.62;14.11;317.01;7.62;0
68-1;22:59:57;10.08;100.00;7.86;9.10;598;8.56;14.50;317.01;7.62;0
68-1;23:00:57;10.07;100.00;7.86;9.15;598;8.56;14.51;317.26;7.60;0
68-1;23:01:57;10.05;100.00;7.86;9.07;599;7.62;14.89;317.39;7.59;0
68-1;23:02:57;10.04;100.00;7.86;9.10;599;7.62;15.75;317.39;7.59;0
68-1;23:03:57;10.03;100.00;7.86;9.07;599;7.62;16.78;317.39;7.59;0
68-1;23:04:57;10.02;100.00;7.86;9.11;599;7.62;16.07;317.39;7.59;0
68-1;23:05:57;10.03;100.00;7.86;9.11;599;7.62;15.83;317.39;7.59;0
68-1;23:06:57;10.02;100.00;7.86;9.15;599;7.62;14.47;317.39;7.59;0
68-1;23:07:57;10.01;100.00;7.86;9.08;599;7.62;15.15;317.39;7.59;0
68-1;23:08:57;10.01;100.00;7.86;9.12;599;7.62;15.99;317.39;7.59;0
68-1;23:09:57;10.00;100.00;7.86;9.10;598;8.56;14.54;317.39;7.59;0
68-1;23:10:57;9.99;100.00;7.86;9.10;599;7.62;15.08;317.39;7.59;0
68-1;23:11:57;9.99;100.00;7.86;9.15;598;8.56;14.19;317.39;7.59;0
68-1;23:12:57;9.98;100.00;7.86;9.05;599;7.62;13.62;317.39;7.59;0
68-1;23:13:57;9.98;100.00;7.86;9.10;599;7.62;14.40;317.39;7.59;0
68-1;23:14:57;9.96;100.00;7.86;9.08;598;8.56;13.58;317.39;7.59;0
68-1;23:15:57;9.97;100.00;7.86;9.14;599;7.62;14.35;317.39;7.59;0
68-1;23:16:57;9.95;100.00;7.86;9.09;598;8.56;13.78;317.39;7.59;0
68-1;23:17:57;9.95;100.00;7.86;9.08;599;7.62;16.63;317.39;7.59;0
68-1;23:18:57;9.95;100.00;7.86;9.16;599;7.62;15.19;317.39;7.59;0
68-1;23:19:57;9.93;100.00;7.86;9.13;598;8.56;14.57;317.39;7.59;0
68-1;23:20:57;9.93;100.00;7.86;9.13;599;7.62;13.72;317.39;7.59;0
68-1;23:21:57;9.92;100.00;7.86;9.12;599;7.62;13.31;317.39;7.59;0
68-1;23:22:57;9.92;100.00;7.86;9.12;599;7.62;14.29;317.39;7.59;0
68-1;23:23:57;9.91;100.00;7.86;9.15;599;7.62;16.39;317.39;7.59;0
68-1;23:24:57;9.90;100.00;7.86;9.07;599;7.62;15.65;317.39;7.59;0
68-1;23:25:57;9.90;100.00;7.86;9.13;599;7.62;16.07;317.39;7.59;0
68-1;23:26:57;9.88;100.00;7.86;9.03;599;7.62;15.88;317.39;7.59;0
68-1;23:27:57;9.88;100.00;7.86;9.06;599;7.62;14.72;317.39;7.59;0
68-1;23:28:57;9.88;100.00;7.86;9.03;599;7.62;14.99;317.39;7.59;0
68-1;23:29:57;9.88;100.00;7.86;9.11;599;7.62;14.55;317.39;7.59;0
68-1;23:30:57;9.87;100.00;7.86;9.11;599;7.62;16.58;317.39;7.59;0
68-1;23:31:57;9.86;100.00;7.86;9.08;599;7.62;15.11;317.51;7.57;0
68-1;23:32:57;9.85;100.00;7.86;9.10;599;7.62;15.97;317.51;7.56;0
68-1;23:33:57;9.84;100.00;7.86;9.14;599;7.62;16.84;317.51;7.57;0
68-1;23:34:57;9.83;100.00;7.86;9.07;599;7.62;15.13;318.00;7.52;0
68-1;23:35:57;9.83;100.00;7.86;9.10;599;7.62;16.19;317.88;7.53;0
68-1;23:36:57;9.83;100.00;7.86;9.18;599;7.62;15.07;317.88;7.55;0
68-1;23:37:57;9.82;100.00;7.86;9.12;598;8.56;15.55;317.88;7.53;0
68-1;23:38:57;9.80;100.00;7.86;9.12;599;7.62;15.22;317.88;7.53;0
68-1;23:39:57;9.80;100.00;7.86;9.12;598;8.56;15.88;317.88;7.53;0
68-1;23:40:57;9.79;100.00;7.86;9.17;599;7.62;15.56;318.00;7.52;0
68-1;23:41:57;9.79;100.00;7.86;9.17;599;7.62;15.65;318.00;7.52;0
68-1;23:42:57;9.78;100.00;7.86;9.12;599;7.62;15.43;318.00;7.52;0
68-1;23:43:57;9.78;100.00;7.86;9.11;598;8.56;15.03;318.00;7.52;0
68-1;23:44:57;9.77;100.00;7.86;9.14;599;7.62;16.35;318.00;7.52;0
68-1;23:45:57;9.77;100.00;7.86;9.14;599;7.62;15.45;318.00;7.52;0
68-1;23:46:57;9.76;100.00;7.86;9.08;599;7.62;16.54;318.00;7.52;0
68-1;23:47:57;9.75;100.00;7.86;9.16;599;7.62;16.58;318.00;7.52;0
68-1;23:48:57;9.75;100.00;7.86;9.11;599;7.62;13.94;318.00;7.52;0
68-1;23:49:57;9.74;100.00;7.86;9.14;599;7.62;14.74;318.00;7.52;0
68-1;23:50:57;9.73;100.00;7.86;9.17;599;7.62;13.41;318.00;7.52;0
68-1;23:51:57;9.72;100.00;7.86;9.12;599;7.62;16.39;318.00;7.52;0
68-1;23:52:57;9.72;100.00;7.86;9.13;599;7.62;12.98;318.00;7.52;0
68-1;23:53:57;9.72;100.00;7.86;9.18;599;7.62;15.37;318.00;7.52;0
68-1;23:54:57;9.71;100.00;7.86;9.09;599;7.62;14.03;318.00;7.52;0
68-1;23:55:57;9.71;100.00;7.86;9.14;598;8.56;14.81;318.00;7.52;0
68-1;23:56:57;9.69;100.00;7.86;9.10;599;7.62;13.95;318.00;7.52;0
68-1;23:57:57;9.68;100.00;7.86;9.12;599;7.62;14.77;318.00;7.52;0
68-1;23:58:57;9.68;100.00;7.86;9.10;598;8.56;14.11;318.00;7.52;0
68-1;23:59:57;9.68;100.00;7.86;9.11;598;8.56;13.87;318.00;7.52;0
